route_state,route_active,stable_tag_id,stable_count,route_action,handled_turn_tags,tag_corr_active,tag_corr_sent,tag_corr_raw_deg,tag_corr_cmd_deg,camera_x_offset_cm,agv_center_deviation_cm,tag_in_gate,tag_gate_dx_px,tag_gate_dy_px,tag_k_lat_deg_per_cm,tag_k_px_deg_per_px,tag_k_yaw,pending_turn_tag_id,pending_turn_command,turn_centered,turn_center_tolerance_px,turn_center_y_tolerance_px,turn_align_step_cm,turn_align_timeout_sec,move_rpm_command,pre_turn_slowdown_active,next_turn_tag_id,time_s,frame_index,tag_detected,tag_count,tag_id,lateral_offset_cm,lateral_offset_px,lateral_offset_norm,yaw_error_deg,raw_yaw_image_deg,center_x_px,center_y_px,tag_width_px,mega_time_s,mega_age_s,motion_state,last_command,mega_event,mega_heading_error_deg,mega_control_error_deg,mega_correction_rpm,mega_left_rpm,mega_right_rpm,mega_last_line
IDLE,0,1,1,,,0,0,,,0.000,0.009,1,0.999,24.427,-1.000,-0.020,0.000,,,1,15.000,25.000,1.000,8.000,,0,,0.005,1,1,1,1,0.009,0.999,0.00312,0.442,0.442,320.999,264.427,217.177,0.001,0.004,STOPPED,,EVT:READY,,,,,,EVT:READY
IDLE,0,1,2,,,0,0,,,0.000,0.009,1,0.969,24.460,-1.000,-0.020,0.000,,,1,15.000,25.000,1.000,8.000,,0,,0.162,2,1,1,1,0.009,0.969,0.00303,0.449,0.449,320.969,264.460,217.206,0.001,0.161,STOPPED,,EVT:READY,,,,,,EVT:READY
IDLE,0,1,3,,,0,0,,,0.000,0.009,1,0.979,24.455,-1.000,-0.020,0.000,,,1,15.000,25.000,1.000,8.000,,0,,0.204,3,1,1,1,0.009,0.979,0.00306,0.453,0.453,320.979,264.455,217.223,0.001,0.203,STOPPED,,EVT:READY,,,,,,EVT:READY
IDLE,0,1,4,,,0,0,,,0.000,0.009,1,1.022,24.541,-1.000,-0.020,0.000,,,1,15.000,25.000,1.000,8.000,,0,,0.272,4,1,1,1,0.009,1.022,0.00319,0.437,0.437,321.022,264.541,217.269,0.001,0.271,STOPPED,,EVT:READY,,,,,,EVT:READY
IDLE,0,1,5,,,0,0,,,0.000,0.008,1,0.895,24.169,-1.000,-0.020,0.000,,,1,15.000,25.000,1.000,8.000,,0,,0.340,5,1,1,1,0.008,0.895,0.00280,0.460,0.460,320.895,264.169,217.058,0.001,0.339,STOPPED,,EVT:READY,,,,,,EVT:READY
IDLE,0,1,6,,,0,0,,,0.000,0.008,1,0.910,24.181,-1.000,-0.020,0.000,,,1,15.000,25.000,1.000,8.000,,0,,0.408,6,1,1,1,0.008,0.910,0.00284,0.451,0.451,320.910,264.181,217.040,0.001,0.407,STOPPED,,EVT:READY,,,,,,EVT:READY
IDLE,0,1,7,,,0,0,,,0.000,0.009,1,0.980,24.497,-1.000,-0.020,0.000,,,1,15.000,25.000,1.000,8.000,,0,,0.472,7,1,1,1,0.009,0.980,0.00306,0.462,0.462,320.980,264.497,217.232,0.001,0.471,STOPPED,,EVT:READY,,,,,,EVT:READY
IDLE,0,1,8,,,0,0,,,0.000,0.008,1,0.886,24.175,-1.000,-0.020,0.000,,,1,15.000,25.000,1.000,8.000,,0,,0.540,8,1,1,1,0.008,0.886,0.00277,0.452,0.452,320.886,264.175,217.028,0.001,0.539,STOPPED,,EVT:READY,,,,,,EVT:READY
IDLE,0,1,9,,,0,0,,,0.000,0.009,1,1.001,24.498,-1.000,-0.020,0.000,,,1,15.000,25.000,1.000,8.000,,0,,0.608,9,1,1,1,0.009,1.001,0.00313,0.464,0.464,321.001,264.498,217.231,0.001,0.607,STOPPED,,EVT:READY,,,,,,EVT:READY
IDLE,0,1,10,,,0,0,,,0.000,0.008,1,0.903,24.195,-1.000,-0.020,0.000,,,1,15.000,25.000,1.000,8.000,,0,,0.676,10,1,1,1,0.008,0.903,0.00282,0.462,0.462,320.903,264.195,217.019,0.001,0.675,STOPPED,,EVT:READY,,,,,,EVT:READY
IDLE,0,1,11,,,0,0,,,0.000,0.009,1,0.974,24.493,-1.000,-0.020,0.000,,,1,15.000,25.000,1.000,8.000,,0,,0.740,11,1,1,1,0.009,0.974,0.00304,0.446,0.446,320.974,264.493,217.212,0.001,0.739,STOPPED,,EVT:READY,,,,,,EVT:READY
IDLE,0,1,12,,,0,0,,,0.000,0.009,1,1.019,24.554,-1.000,-0.020,0.000,,,1,15.000,25.000,1.000,8.000,,0,,0.776,12,1,1,1,0.009,1.019,0.00318,0.443,0.443,321.019,264.554,217.265,0.001,0.775,STOPPED,,EVT:READY,,,,,,EVT:READY
IDLE,0,1,13,,,0,0,,,0.000,0.009,1,0.997,24.477,-1.000,-0.020,0.000,,,1,15.000,25.000,1.000,8.000,,0,,0.844,13,1,1,1,0.009,0.997,0.00312,0.442,0.442,320.997,264.477,217.190,0.001,0.843,STOPPED,,EVT:READY,,,,,,EVT:READY
IDLE,0,1,14,,,0,0,,,0.000,0.009,1,0.959,24.459,-1.000,-0.020,0.000,,,1,15.000,25.000,1.000,8.000,,0,,0.908,14,1,1,1,0.009,0.959,0.00300,0.460,0.460,320.959,264.459,217.203,0.001,0.907,STOPPED,,EVT:READY,,,,,,EVT:READY
IDLE,0,1,15,,,0,0,,,0.000,0.009,1,0.978,24.482,-1.000,-0.020,0.000,,,1,15.000,25.000,1.000,8.000,,0,,0.976,15,1,1,1,0.009,0.978,0.00306,0.455,0.455,320.978,264.482,217.221,0.001,0.975,STOPPED,,EVT:READY,,,,,,EVT:READY
IDLE,0,1,16,,,0,0,,,0.000,0.009,1,0.999,24.547,-1.000,-0.020,0.000,,,1,15.000,25.000,1.000,8.000,,0,,1.044,16,1,1,1,0.009,0.999,0.00312,0.444,0.444,320.999,264.547,217.246,0.001,1.043,STOPPED,,EVT:READY,,,,,,EVT:READY
IDLE,0,1,17,,,0,0,,,0.000,0.009,1,0.972,24.457,-1.000,-0.020,0.000,,,1,15.000,25.000,1.000,8.000,,0,,1.112,17,1,1,1,0.009,0.972,0.00304,0.443,0.443,320.972,264.457,217.186,0.001,1.111,STOPPED,,EVT:READY,,,,,,EVT:READY
IDLE,0,1,18,,,0,0,,,0.000,0.009,1,1.008,24.534,-1.000,-0.020,0.000,,,1,15.000,25.000,1.000,8.000,,0,,1.180,18,1,1,1,0.009,1.008,0.00315,0.447,0.447,321.008,264.534,217.263,0.001,1.179,STOPPED,,EVT:READY,,,,,,EVT:READY
IDLE,0,1,19,,,0,0,,,0.000,0.008,1,0.895,24.210,-1.000,-0.020,0.000,,,1,15.000,25.000,1.000,8.000,,0,,1.244,19,1,1,1,0.008,0.895,0.00280,0.447,0.447,320.895,264.210,217.058,0.001,1.243,STOPPED,,EVT:READY,,,,,,EVT:READY
IDLE,0,1,20,,,0,0,,,0.000,0.009,1,0.997,24.499,-1.000,-0.020,0.000,,,1,15.000,25.000,1.000,8.000,,0,,1.312,20,1,1,1,0.009,0.997,0.00312,0.447,0.447,320.997,264.499,217.197,0.001,1.311,STOPPED,,EVT:READY,,,,,,EVT:READY
IDLE,0,1,21,,,0,0,,,0.000,0.009,1,0.973,24.482,-1.000,-0.020,0.000,,,1,15.000,25.000,1.000,8.000,,0,,1.380,21,1,1,1,0.009,0.973,0.00304,0.447,0.447,320.973,264.482,217.208,0.001,1.379,STOPPED,,EVT:READY,,,,,,EVT:READY
IDLE,0,1,22,,,0,0,,,0.000,0.009,1,1.007,24.539,-1.000,-0.020,0.000,,,1,15.000,25.000,1.000,8.000,,0,,1.448,22,1,1,1,0.009,1.007,0.00315,0.445,0.445,321.007,264.539,217.241,0.001,1.447,STOPPED,,EVT:READY,,,,,,EVT:READY
IDLE,0,1,23,,,0,0,,,0.000,0.009,1,0.971,24.478,-1.000,-0.020,0.000,,,1,15.000,25.000,1.000,8.000,,0,,1.516,23,1,1,1,0.009,0.971,0.00303,0.446,0.446,320.971,264.478,217.214,0.001,1.515,STOPPED,,EVT:READY,,,,,,EVT:READY
IDLE,0,1,24,,,0,0,,,0.000,0.008,1,0.892,24.199,-1.000,-0.020,0.000,,,1,15.000,25.000,1.000,8.000,,0,,1.580,24,1,1,1,0.008,0.892,0.00279,0.446,0.446,320.892,264.199,217.041,0.001,1.579,STOPPED,,EVT:READY,,,,,,EVT:READY
IDLE,0,1,25,,,0,0,,,0.000,0.009,1,0.973,24.486,-1.000,-0.020,0.000,,,1,15.000,25.000,1.000,8.000,,0,,1.648,25,1,1,1,0.009,0.973,0.00304,0.444,0.444,320.973,264.486,217.216,0.001,1.647,STOPPED,,EVT:READY,,,,,,EVT:READY
IDLE,0,1,26,,,0,0,,,0.000,0.009,1,1.022,24.524,-1.000,-0.020,0.000,,,1,15.000,25.000,1.000,8.000,,0,,1.716,26,1,1,1,0.009,1.022,0.00319,0.450,0.450,321.022,264.524,217.256,0.001,1.715,STOPPED,,EVT:READY,,,,,,EVT:READY
IDLE,0,1,27,,,0,0,,,0.000,0.009,1,1.024,24.526,-1.000,-0.020,0.000,,,1,15.000,25.000,1.000,8.000,,0,,1.784,27,1,1,1,0.009,1.024,0.00320,0.449,0.449,321.024,264.526,217.229,0.001,1.783,STOPPED,,EVT:READY,,,,,,EVT:READY
IDLE,0,1,28,,,0,0,,,0.000,0.009,1,0.990,24.533,-1.000,-0.020,0.000,,,1,15.000,25.000,1.000,8.000,,0,,1.848,28,1,1,1,0.009,0.990,0.00309,0.448,0.448,320.990,264.533,217.244,0.001,1.847,STOPPED,,EVT:READY,,,,,,EVT:READY
IDLE,0,1,29,,,0,0,,,0.000,0.009,1,1.007,24.460,-1.000,-0.020,0.000,,,1,15.000,25.000,1.000,8.000,,0,,1.916,29,1,1,1,0.009,1.007,0.00315,0.445,0.445,321.007,264.460,217.182,0.001,1.915,STOPPED,,EVT:READY,,,,,,EVT:READY
IDLE,0,1,30,,,0,0,,,0.000,0.009,1,1.017,24.533,-1.000,-0.020,0.000,,,1,15.000,25.000,1.000,8.000,,0,,1.984,30,1,1,1,0.009,1.017,0.00318,0.442,0.442,321.017,264.533,217.273,0.001,1.983,STOPPED,,EVT:READY,,,,,,EVT:READY
IDLE,0,1,31,,,0,0,,,0.000,0.009,1,0.964,24.474,-1.000,-0.020,0.000,,,1,15.000,25.000,1.000,8.000,,0,,2.052,31,1,1,1,0.009,0.964,0.00301,0.448,0.448,320.964,264.474,217.216,0.001,2.051,STOPPED,,EVT:READY,,,,,,EVT:READY
IDLE,0,1,32,,,0,0,,,0.000,0.009,1,0.980,24.475,-1.000,-0.020,0.000,,,1,15.000,25.000,1.000,8.000,,0,,2.120,32,1,1,1,0.009,0.980,0.00306,0.446,0.446,320.980,264.475,217.191,0.001,2.119,STOPPED,,EVT:READY,,,,,,EVT:READY
IDLE,0,1,33,,,0,0,,,0.000,0.010,1,1.041,24.560,-1.000,-0.020,0.000,,,1,15.000,25.000,1.000,8.000,,0,,2.184,33,1,1,1,0.010,1.041,0.00325,0.439,0.439,321.041,264.560,217.261,0.001,2.183,STOPPED,,EVT:READY,,,,,,EVT:READY
IDLE,0,1,34,,,0,0,,,0.000,0.009,1,1.009,24.524,-1.000,-0.020,0.000,,,1,15.000,25.000,1.000,8.000,,0,,2.252,34,1,1,1,0.009,1.009,0.00315,0.433,0.433,321.009,264.524,217.246,0.001,2.251,STOPPED,,EVT:READY,,,,,,EVT:READY
IDLE,0,1,35,,,0,0,,,0.000,0.009,1,0.986,24.469,-1.000,-0.020,0.000,,,1,15.000,25.000,1.000,8.000,,0,,2.320,35,1,1,1,0.009,0.986,0.00308,0.439,0.439,320.986,264.469,217.211,0.001,2.319,STOPPED,,EVT:READY,,,,,,EVT:READY
IDLE,0,1,36,,,0,0,,,0.000,0.009,1,0.985,24.492,-1.000,-0.020,0.000,,,1,15.000,25.000,1.000,8.000,,0,,2.388,36,1,1,1,0.009,0.985,0.00308,0.443,0.443,320.985,264.492,217.213,0.001,2.387,STOPPED,,EVT:READY,,,,,,EVT:READY
IDLE,0,1,37,,,0,0,,,0.000,0.009,1,0.977,24.484,-1.000,-0.020,0.000,,,1,15.000,25.000,1.000,8.000,,0,,2.452,37,1,1,1,0.009,0.977,0.00305,0.437,0.437,320.977,264.484,217.222,0.001,2.451,STOPPED,,EVT:READY,,,,,,EVT:READY
IDLE,0,1,38,,,0,0,,,0.000,0.009,1,0.990,24.474,-1.000,-0.020,0.000,,,1,15.000,25.000,1.000,8.000,,0,,2.488,38,1,1,1,0.009,0.990,0.00309,0.450,0.450,320.990,264.474,217.191,0.001,2.487,STOPPED,,EVT:READY,,,,,,EVT:READY
IDLE,0,1,39,,,0,0,,,0.000,0.008,1,0.888,24.171,-1.000,-0.020,0.000,,,1,15.000,25.000,1.000,8.000,,0,,2.556,39,1,1,1,0.008,0.888,0.00278,0.445,0.445,320.888,264.171,217.002,0.001,2.555,STOPPED,,EVT:READY,,,,,,EVT:READY
IDLE,0,1,40,,,0,0,,,0.000,0.009,1,0.995,24.468,-1.000,-0.020,0.000,,,1,15.000,25.000,1.000,8.000,,0,,2.620,40,1,1,1,0.009,0.995,0.00311,0.450,0.450,320.995,264.468,217.170,0.001,2.619,STOPPED,,EVT:READY,,,,,,EVT:READY
IDLE,0,1,41,,,0,0,,,0.000,0.009,1,0.984,24.482,-1.000,-0.020,0.000,,,1,15.000,25.000,1.000,8.000,,0,,2.688,41,1,1,1,0.009,0.984,0.00308,0.443,0.443,320.984,264.482,217.186,0.001,2.687,STOPPED,,EVT:READY,,,,,,EVT:READY
IDLE,0,1,42,,,0,0,,,0.000,0.009,1,0.992,24.480,-1.000,-0.020,0.000,,,1,15.000,25.000,1.000,8.000,,0,,2.756,42,1,1,1,0.009,0.992,0.00310,0.439,0.439,320.992,264.480,217.186,0.001,2.755,STOPPED,,EVT:READY,,,,,,EVT:READY
IDLE,0,1,43,,,0,0,,,0.000,0.008,1,0.905,24.218,-1.000,-0.020,0.000,,,1,15.000,25.000,1.000,8.000,,0,,2.824,43,1,1,1,0.008,0.905,0.00283,0.442,0.442,320.905,264.218,217.052,0.001,2.823,STOPPED,,EVT:READY,,,,,,EVT:READY
IDLE,0,1,44,,,0,0,,,0.000,0.009,1,0.990,24.562,-1.000,-0.020,0.000,,,1,15.000,25.000,1.000,8.000,,0,,2.892,44,1,1,1,0.009,0.990,0.00309,0.450,0.450,320.990,264.562,217.250,0.001,2.891,STOPPED,,EVT:READY,,,,,,EVT:READY
IDLE,0,1,45,,,0,0,,,0.000,0.008,1,0.893,24.203,-1.000,-0.020,0.000,,,1,15.000,25.000,1.000,8.000,,0,,2.956,45,1,1,1,0.008,0.893,0.00279,0.443,0.443,320.893,264.203,217.016,0.001,2.955,STOPPED,,EVT:READY,,,,,,EVT:READY
IDLE,0,1,46,,,0,0,,,0.000,0.009,1,1.013,24.552,-1.000,-0.020,0.000,,,1,15.000,25.000,1.000,8.000,,0,,3.024,46,1,1,1,0.009,1.013,0.00317,0.443,0.443,321.013,264.552,217.259,0.001,3.023,STOPPED,,EVT:READY,,,,,,EVT:READY
IDLE,0,1,47,,,0,0,,,0.000,0.009,1,0.975,24.495,-1.000,-0.020,0.000,,,1,15.000,25.000,1.000,8.000,,0,,3.092,47,1,1,1,0.009,0.975,0.00305,0.442,0.442,320.975,264.495,217.192,0.001,3.091,STOPPED,,EVT:READY,,,,,,EVT:READY
IDLE,0,1,48,,,0,0,,,0.000,0.009,1,0.994,24.566,-1.000,-0.020,0.000,,,1,15.000,25.000,1.000,8.000,,0,,3.160,48,1,1,1,0.009,0.994,0.00311,0.445,0.445,320.994,264.566,217.252,0.001,3.159,STOPPED,,EVT:READY,,,,,,EVT:READY
IDLE,0,1,49,,,0,0,,,0.000,0.009,1,0.989,24.468,-1.000,-0.020,0.000,,,1,15.000,25.000,1.000,8.000,,0,,3.228,49,1,1,1,0.009,0.989,0.00309,0.443,0.443,320.989,264.468,217.187,0.001,3.227,STOPPED,,EVT:READY,,,,,,EVT:READY
IDLE,0,1,50,,,0,0,,,0.000,0.009,1,0.974,24.487,-1.000,-0.020,0.000,,,1,15.000,25.000,1.000,8.000,,0,,3.292,50,1,1,1,0.009,0.974,0.00304,0.456,0.456,320.974,264.487,217.206,0.001,3.291,STOPPED,,EVT:READY,,,,,,EVT:READY
IDLE,0,1,51,,,0,0,,,0.000,0.009,1,0.998,24.523,-1.000,-0.020,0.000,,,1,15.000,25.000,1.000,8.000,,0,,3.360,51,1,1,1,0.009,0.998,0.00312,0.443,0.443,320.998,264.523,217.237,0.001,3.359,STOPPED,,EVT:READY,,,,,,EVT:READY
IDLE,0,1,52,,,0,0,,,0.000,0.009,1,1.021,24.552,-1.000,-0.020,0.000,,,1,15.000,25.000,1.000,8.000,,0,,3.428,52,1,1,1,0.009,1.021,0.00319,0.447,0.447,321.021,264.552,217.247,0.001,3.427,STOPPED,,EVT:READY,,,,,,EVT:READY
IDLE,0,1,53,,,0,0,,,0.000,0.009,1,1.005,24.522,-1.000,-0.020,0.000,,,1,15.000,25.000,1.000,8.000,,0,,3.496,53,1,1,1,0.009,1.005,0.00314,0.442,0.442,321.005,264.522,217.229,0.001,3.495,STOPPED,,EVT:READY,,,,,,EVT:READY
IDLE,0,1,54,,,0,0,,,0.000,0.008,1,0.890,24.189,-1.000,-0.020,0.000,,,1,15.000,25.000,1.000,8.000,,0,,3.560,54,1,1,1,0.008,0.890,0.00278,0.445,0.445,320.890,264.189,217.038,0.001,3.559,STOPPED,,EVT:READY,,,,,,EVT:READY
IDLE,0,1,55,,,0,0,,,0.000,0.009,1,0.988,24.476,-1.000,-0.020,0.000,,,1,15.000,25.000,1.000,8.000,,0,,3.628,55,1,1,1,0.009,0.988,0.00309,0.446,0.446,320.988,264.476,217.206,0.001,3.627,STOPPED,,EVT:READY,,,,,,EVT:READY
IDLE,0,1,56,,,0,0,,,0.000,0.009,1,0.986,24.491,-1.000,-0.020,0.000,,,1,15.000,25.000,1.000,8.000,,0,,3.696,56,1,1,1,0.009,0.986,0.00308,0.438,0.438,320.986,264.491,217.180,0.001,3.695,STOPPED,,EVT:READY,,,,,,EVT:READY
IDLE,0,1,57,,,0,0,,,0.000,0.009,1,0.968,24.479,-1.000,-0.020,0.000,,,1,15.000,25.000,1.000,8.000,,0,,3.764,57,1,1,1,0.009,0.968,0.00303,0.449,0.449,320.968,264.479,217.207,0.001,3.763,STOPPED,,EVT:READY,,,,,,EVT:READY
IDLE,0,1,58,,,0,0,,,0.000,0.009,1,1.007,24.541,-1.000,-0.020,0.000,,,1,15.000,25.000,1.000,8.000,,0,,3.832,58,1,1,1,0.009,1.007,0.00315,0.443,0.443,321.007,264.541,217.217,0.001,3.831,STOPPED,,EVT:READY,,,,,,EVT:READY
IDLE,0,1,59,,,0,0,,,0.000,0.009,1,0.998,24.487,-1.000,-0.020,0.000,,,1,15.000,25.000,1.000,8.000,,0,,3.896,59,1,1,1,0.009,0.998,0.00312,0.434,0.434,320.998,264.487,217.176,0.001,3.895,STOPPED,,EVT:READY,,,,,,EVT:READY
IDLE,0,1,60,,,0,0,,,0.000,0.009,1,0.995,24.489,-1.000,-0.020,0.000,,,1,15.000,25.000,1.000,8.000,,0,,3.964,60,1,1,1,0.009,0.995,0.00311,0.437,0.437,320.995,264.489,217.214,0.001,3.963,STOPPED,,EVT:READY,,,,,,EVT:READY
IDLE,0,1,61,,,0,0,,,0.000,0.009,1,0.991,24.478,-1.000,-0.020,0.000,,,1,15.000,25.000,1.000,8.000,,0,,4.032,61,1,1,1,0.009,0.991,0.00310,0.446,0.446,320.991,264.478,217.200,0.001,4.031,STOPPED,,EVT:READY,,,,,,EVT:READY
IDLE,0,1,62,,,0,0,,,0.000,0.009,1,0.986,24.506,-1.000,-0.020,0.000,,,1,15.000,25.000,1.000,8.000,,0,,4.100,62,1,1,1,0.009,0.986,0.00308,0.441,0.441,320.986,264.506,217.207,0.001,4.099,STOPPED,,EVT:READY,,,,,,EVT:READY
IDLE,0,1,63,,,0,0,,,0.000,0.009,1,0.980,24.479,-1.000,-0.020,0.000,,,1,15.000,25.000,1.000,8.000,,0,,4.164,63,1,1,1,0.009,0.980,0.00306,0.442,0.442,320.980,264.479,217.196,0.001,4.163,STOPPED,,EVT:READY,,,,,,EVT:READY
IDLE,0,1,64,,,0,0,,,0.000,0.009,1,1.021,24.573,-1.000,-0.020,0.000,,,1,15.000,25.000,1.000,8.000,,0,,4.200,64,1,1,1,0.009,1.021,0.00319,0.445,0.445,321.021,264.573,217.265,0.001,4.199,STOPPED,,EVT:READY,,,,,,EVT:READY
IDLE,0,1,65,,,0,0,,,0.000,0.009,1,1.024,24.549,-1.000,-0.020,0.000,,,1,15.000,25.000,1.000,8.000,,0,,4.268,65,1,1,1,0.009,1.024,0.00320,0.445,0.445,321.024,264.549,217.242,0.001,4.267,STOPPED,,EVT:READY,,,,,,EVT:READY
IDLE,0,1,66,,,0,0,,,0.000,0.009,1,0.994,24.494,-1.000,-0.020,0.000,,,1,15.000,25.000,1.000,8.000,,0,,4.332,66,1,1,1,0.009,0.994,0.00311,0.438,0.438,320.994,264.494,217.169,0.001,4.331,STOPPED,,EVT:READY,,,,,,EVT:READY
IDLE,0,1,67,,,0,0,,,0.000,0.009,1,1.004,24.540,-1.000,-0.020,0.000,,,1,15.000,25.000,1.000,8.000,,0,,4.400,67,1,1,1,0.009,1.004,0.00314,0.442,0.442,321.004,264.540,217.241,0.001,4.399,STOPPED,,EVT:READY,,,,,,EVT:READY
IDLE,0,1,68,,,0,0,,,0.000,0.009,1,0.970,24.485,-1.000,-0.020,0.000,,,1,15.000,25.000,1.000,8.000,,0,,4.468,68,1,1,1,0.009,0.970,0.00303,0.439,0.439,320.970,264.485,217.228,0.001,4.467,STOPPED,,EVT:READY,,,,,,EVT:READY
IDLE,0,1,69,,,0,0,,,0.000,0.009,1,0.975,24.493,-1.000,-0.020,0.000,,,1,15.000,25.000,1.000,8.000,,0,,4.536,69,1,1,1,0.009,0.975,0.00305,0.449,0.449,320.975,264.493,217.202,0.001,4.535,STOPPED,,EVT:READY,,,,,,EVT:READY
IDLE,0,1,70,,,0,0,,,0.000,0.009,1,0.979,24.533,-1.000,-0.020,0.000,,,1,15.000,25.000,1.000,8.000,,0,,4.604,70,1,1,1,0.009,0.979,0.00306,0.440,0.440,320.979,264.533,217.238,0.001,4.603,STOPPED,,EVT:READY,,,,,,EVT:READY
IDLE,0,1,71,,,0,0,,,0.000,0.009,1,1.000,24.513,-1.000,-0.020,0.000,,,1,15.000,25.000,1.000,8.000,,0,,4.668,71,1,1,1,0.009,1.000,0.00312,0.440,0.440,321.000,264.513,217.230,0.001,4.667,STOPPED,,EVT:READY,,,,,,EVT:READY
IDLE,0,1,72,,,0,0,,,0.000,0.009,1,1.002,24.573,-1.000,-0.020,0.000,,,1,15.000,25.000,1.000,8.000,,0,,4.736,72,1,1,1,0.009,1.002,0.00313,0.443,0.443,321.002,264.573,217.274,0.001,4.735,STOPPED,,EVT:READY,,,,,,EVT:READY
IDLE,0,1,73,,,0,0,,,0.000,0.009,1,1.001,24.512,-1.000,-0.020,0.000,,,1,15.000,25.000,1.000,8.000,,0,,4.804,73,1,1,1,0.009,1.001,0.00313,0.444,0.444,321.001,264.512,217.214,0.001,4.803,STOPPED,,EVT:READY,,,,,,EVT:READY
IDLE,0,1,74,,,0,0,,,0.000,0.009,1,0.990,24.504,-1.000,-0.020,0.000,,,1,15.000,25.000,1.000,8.000,,0,,4.872,74,1,1,1,0.009,0.990,0.00309,0.442,0.442,320.990,264.504,217.211,0.001,4.871,STOPPED,,EVT:READY,,,,,,EVT:READY
IDLE,0,1,75,,,0,0,,,0.000,0.009,1,0.982,24.502,-1.000,-0.020,0.000,,,1,15.000,25.000,1.000,8.000,,0,,4.940,75,1,1,1,0.009,0.982,0.00307,0.435,0.435,320.982,264.502,217.218,0.001,4.939,STOPPED,,EVT:READY,,,,,,EVT:READY
IDLE,0,1,76,,,0,0,,,0.000,0.009,1,0.986,24.490,-1.000,-0.020,0.000,,,1,15.000,25.000,1.000,8.000,,0,,5.004,76,1,1,1,0.009,0.986,0.00308,0.433,0.433,320.986,264.490,217.199,0.001,5.003,STOPPED,,EVT:READY,,,,,,EVT:READY
IDLE,0,1,77,,,0,0,,,0.000,0.009,1,1.017,24.592,-1.000,-0.020,0.000,,,1,15.000,25.000,1.000,8.000,,0,,5.072,77,1,1,1,0.009,1.017,0.00318,0.444,0.444,321.017,264.592,217.266,0.001,5.071,STOPPED,,EVT:READY,,,,,,EVT:READY
IDLE,0,1,78,,,0,0,,,0.000,0.008,1,0.908,24.241,-1.000,-0.020,0.000,,,1,15.000,25.000,1.000,8.000,,0,,5.140,78,1,1,1,0.008,0.908,0.00284,0.444,0.444,320.908,264.241,217.063,0.001,5.139,STOPPED,,EVT:READY,,,,,,EVT:READY
IDLE,0,1,79,,,0,0,,,0.000,0.009,1,1.010,24.565,-1.000,-0.020,0.000,,,1,15.000,25.000,1.000,8.000,,0,,5.208,79,1,1,1,0.009,1.010,0.00316,0.452,0.452,321.010,264.565,217.244,0.001,5.207,STOPPED,,EVT:READY,,,,,,EVT:READY
IDLE,0,1,80,,,0,0,,,0.000,0.009,1,0.996,24.505,-1.000,-0.020,0.000,,,1,15.000,25.000,1.000,8.000,,0,,5.272,80,1,1,1,0.009,0.996,0.00311,0.450,0.450,320.996,264.505,217.190,0.001,5.271,STOPPED,,EVT:READY,,,,,,EVT:READY
IDLE,0,1,81,,,0,0,,,0.000,0.009,1,1.005,24.523,-1.000,-0.020,0.000,,,1,15.000,25.000,1.000,8.000,,0,,5.340,81,1,1,1,0.009,1.005,0.00314,0.455,0.455,321.005,264.523,217.219,0.001,5.339,STOPPED,,EVT:READY,,,,,,EVT:READY
IDLE,0,1,82,,,0,0,,,0.000,0.009,1,0.988,24.499,-1.000,-0.020,0.000,,,1,15.000,25.000,1.000,8.000,,0,,5.408,82,1,1,1,0.009,0.988,0.00309,0.445,0.445,320.988,264.499,217.209,0.001,5.407,STOPPED,,EVT:READY,,,,,,EVT:READY
IDLE,0,1,83,,,0,0,,,0.000,0.009,1,1.003,24.518,-1.000,-0.020,0.000,,,1,15.000,25.000,1.000,8.000,,0,,5.476,83,1,1,1,0.009,1.003,0.00313,0.445,0.445,321.003,264.518,217.212,0.001,5.475,STOPPED,,EVT:READY,,,,,,EVT:READY
IDLE,0,1,84,,,0,0,,,0.000,0.009,1,0.989,24.513,-1.000,-0.020,0.000,,,1,15.000,25.000,1.000,8.000,,0,,5.545,84,1,1,1,0.009,0.989,0.00309,0.456,0.456,320.989,264.513,217.221,0.001,5.544,STOPPED,,EVT:READY,,,,,,EVT:READY
IDLE,0,1,85,,,0,0,,,0.000,0.009,1,0.999,24.587,-1.000,-0.020,0.000,,,1,15.000,25.000,1.000,8.000,,0,,5.608,85,1,1,1,0.009,0.999,0.00312,0.444,0.444,320.999,264.587,217.271,0.001,5.607,STOPPED,,EVT:READY,,,,,,EVT:READY
IDLE,0,1,86,,,0,0,,,0.000,0.008,1,0.893,24.235,-1.000,-0.020,0.000,,,1,15.000,25.000,1.000,8.000,,0,,5.676,86,1,1,1,0.008,0.893,0.00279,0.448,0.448,320.893,264.235,217.051,0.001,5.675,STOPPED,,EVT:READY,,,,,,EVT:READY
IDLE,0,1,87,,,0,0,,,0.000,0.008,1,0.914,24.256,-1.000,-0.020,0.000,,,1,15.000,25.000,1.000,8.000,,0,,5.744,87,1,1,1,0.008,0.914,0.00286,0.444,0.444,320.914,264.256,217.051,0.001,5.743,STOPPED,,EVT:READY,,,,,,EVT:READY
IDLE,0,1,88,,,0,0,,,0.000,0.009,1,1.010,24.512,-1.000,-0.020,0.000,,,1,15.000,25.000,1.000,8.000,,0,,5.812,88,1,1,1,0.009,1.010,0.00316,0.450,0.450,321.010,264.512,217.198,0.001,5.811,STOPPED,,EVT:READY,,,,,,EVT:READY
IDLE,0,1,89,,,0,0,,,0.000,0.009,1,1.010,24.575,-1.000,-0.020,0.000,,,1,15.000,25.000,1.000,8.000,,0,,5.876,89,1,1,1,0.009,1.010,0.00316,0.444,0.444,321.010,264.575,217.272,0.001,5.875,STOPPED,,EVT:READY,,,,,,EVT:READY
IDLE,0,1,90,,,0,0,,,0.000,0.009,1,1.012,24.565,-1.000,-0.020,0.000,,,1,15.000,25.000,1.000,8.000,,0,,5.912,90,1,1,1,0.009,1.012,0.00316,0.442,0.442,321.012,264.565,217.245,0.001,5.912,STOPPED,,EVT:READY,,,,,,EVT:READY
IDLE,0,1,91,,,0,0,,,0.000,0.009,1,1.016,24.529,-1.000,-0.020,0.000,,,1,15.000,25.000,1.000,8.000,,0,,5.980,91,1,1,1,0.009,1.016,0.00317,0.449,0.449,321.016,264.529,217.211,0.001,5.980,STOPPED,,EVT:READY,,,,,,EVT:READY
IDLE,0,1,92,,,0,0,,,0.000,0.009,1,1.002,24.518,-1.000,-0.020,0.000,,,1,15.000,25.000,1.000,8.000,,0,,6.044,92,1,1,1,0.009,1.002,0.00313,0.455,0.455,321.002,264.518,217.215,0.001,6.043,STOPPED,,EVT:READY,,,,,,EVT:READY
IDLE,0,1,93,,,0,0,,,0.000,0.010,1,1.037,24.598,-1.000,-0.020,0.000,,,1,15.000,25.000,1.000,8.000,,0,,6.112,93,1,1,1,0.010,1.037,0.00324,0.448,0.448,321.037,264.598,217.281,0.001,6.111,STOPPED,,EVT:READY,,,,,,EVT:READY
IDLE,0,1,94,,,0,0,,,0.000,0.009,1,1.002,24.531,-1.000,-0.020,0.000,,,1,15.000,25.000,1.000,8.000,,0,,6.180,94,1,1,1,0.009,1.002,0.00313,0.446,0.446,321.002,264.531,217.244,0.001,6.179,STOPPED,,EVT:READY,,,,,,EVT:READY
IDLE,0,1,95,,,0,0,,,0.000,0.010,1,1.081,24.660,-1.000,-0.020,0.000,,,1,15.000,25.000,1.000,8.000,,0,,6.249,95,1,1,1,0.010,1.081,0.00338,0.512,0.512,321.081,264.660,217.255,0.001,6.248,STOPPED,,EVT:READY,,,,,,EVT:READY
IDLE,0,1,96,,,0,0,,,0.000,0.010,1,1.134,24.676,-1.000,-0.020,0.000,,,1,15.000,25.000,1.000,8.000,,0,,6.317,96,1,1,1,0.010,1.134,0.00354,0.516,0.516,321.134,264.676,217.254,0.001,6.316,STOPPED,,EVT:READY,,,,,,EVT:READY
IDLE,0,1,97,,,0,0,,,0.000,0.010,1,1.067,24.570,-1.000,-0.020,0.000,,,1,15.000,25.000,1.000,8.000,,0,,6.380,97,1,1,1,0.010,1.067,0.00334,0.486,0.486,321.067,264.570,217.164,0.001,6.380,STOPPED,,EVT:READY,,,,,,EVT:READY
IDLE,0,1,98,,,0,0,,,0.000,0.009,1,1.020,24.388,-1.000,-0.020,0.000,,,1,15.000,25.000,1.000,8.000,,0,,6.449,98,1,1,1,0.009,1.020,0.00319,0.536,0.536,321.020,264.388,217.037,0.001,6.448,STOPPED,,EVT:READY,,,,,,EVT:READY
IDLE,0,1,99,,,0,0,,,0.000,0.010,1,1.096,24.642,-1.000,-0.020,0.000,,,1,15.000,25.000,1.000,8.000,,0,,6.516,99,1,1,1,0.010,1.096,0.00343,0.537,0.537,321.096,264.642,217.199,0.001,6.515,STOPPED,,EVT:READY,,,,,,EVT:READY
IDLE,0,1,100,,,0,0,,,0.000,0.010,1,1.125,24.738,-1.000,-0.020,0.000,,,1,15.000,25.000,1.000,8.000,,0,,6.584,100,1,1,1,0.010,1.125,0.00352,0.556,0.556,321.125,264.738,217.233,0.001,6.583,STOPPED,,EVT:READY,,,,,,EVT:READY
IDLE,0,1,101,,,0,0,,,0.000,0.011,1,1.159,24.798,-1.000,-0.020,0.000,,,1,15.000,25.000,1.000,8.000,,0,,6.653,101,1,1,1,0.011,1.159,0.00362,0.576,0.576,321.159,264.798,217.206,0.001,6.652,STOPPED,,EVT:READY,,,,,,EVT:READY
IDLE,0,1,102,,,0,0,,,0.000,0.011,1,1.192,24.850,-1.000,-0.020,0.000,,,1,15.000,25.000,1.000,8.000,,0,,6.716,102,1,1,1,0.011,1.192,0.00372,0.577,0.577,321.192,264.850,217.278,0.001,6.715,STOPPED,,EVT:READY,,,,,,EVT:READY
IDLE,0,1,103,,,0,0,,,0.000,0.011,1,1.160,24.731,-1.000,-0.020,0.000,,,1,15.000,25.000,1.000,8.000,,0,,6.784,103,1,1,1,0.011,1.160,0.00362,0.569,0.569,321.160,264.731,217.188,0.001,6.783,STOPPED,,EVT:READY,,,,,,EVT:READY
IDLE,0,1,104,,,0,0,,,0.000,0.011,1,1.160,24.824,-1.000,-0.020,0.000,,,1,15.000,25.000,1.000,8.000,,0,,6.853,104,1,1,1,0.011,1.160,0.00362,0.583,0.583,321.160,264.824,217.239,0.001,6.852,STOPPED,,EVT:READY,,,,,,EVT:READY
IDLE,0,1,105,,,0,0,,,0.000,0.010,1,1.093,24.464,-1.000,-0.020,0.000,,,1,15.000,25.000,1.000,8.000,,0,,6.920,105,1,1,1,0.010,1.093,0.00341,0.568,0.568,321.093,264.464,217.024,0.001,6.919,STOPPED,,EVT:READY,,,,,,EVT:READY
IDLE,0,1,106,,,0,0,,,0.000,0.011,1,1.155,24.783,-1.000,-0.020,0.000,,,1,15.000,25.000,1.000,8.000,,0,,6.984,106,1,1,1,0.011,1.155,0.00361,0.574,0.574,321.155,264.783,217.201,0.001,6.983,STOPPED,,EVT:READY,,,,,,EVT:READY
IDLE,0,1,107,,,0,0,,,0.000,0.010,1,1.140,24.753,-1.000,-0.020,0.000,,,1,15.000,25.000,1.000,8.000,,0,,7.053,107,1,1,1,0.010,1.140,0.00356,0.578,0.578,321.140,264.753,217.213,0.001,7.052,STOPPED,,EVT:READY,,,,,,EVT:READY
IDLE,0,1,108,,,0,0,,,0.000,0.011,1,1.160,24.780,-1.000,-0.020,0.000,,,1,15.000,25.000,1.000,8.000,,0,,7.121,108,1,1,1,0.011,1.160,0.00362,0.578,0.578,321.160,264.780,217.203,0.001,7.120,STOPPED,,EVT:READY,,,,,,EVT:READY
IDLE,0,1,109,,,0,0,,,0.000,0.011,1,1.186,24.867,-1.000,-0.020,0.000,,,1,15.000,25.000,1.000,8.000,,0,,7.189,109,1,1,1,0.011,1.186,0.00370,0.575,0.575,321.186,264.867,217.296,0.001,7.188,STOPPED,,EVT:READY,,,,,,EVT:READY
IDLE,0,1,110,,,0,0,,,0.000,0.011,1,1.162,24.790,-1.000,-0.020,0.000,,,1,15.000,25.000,1.000,8.000,,0,,7.257,110,1,1,1,0.011,1.162,0.00363,0.582,0.582,321.162,264.790,217.200,0.001,7.256,STOPPED,,EVT:READY,,,,,,EVT:READY
IDLE,0,1,111,,,0,0,,,0.000,0.011,1,1.148,24.776,-1.000,-0.020,0.000,,,1,15.000,25.000,1.000,8.000,,0,,7.321,111,1,1,1,0.011,1.148,0.00359,0.580,0.580,321.148,264.776,217.204,0.001,7.320,STOPPED,,EVT:READY,,,,,,EVT:READY
IDLE,0,1,112,,,0,0,,,0.000,0.010,1,1.080,24.516,-1.000,-0.020,0.000,,,1,15.000,25.000,1.000,8.000,,0,,7.389,112,1,1,1,0.010,1.080,0.00338,0.577,0.577,321.080,264.516,217.071,0.001,7.388,STOPPED,,EVT:READY,,,,,,EVT:READY
IDLE,0,1,113,,,0,0,,,0.000,0.011,1,1.209,24.910,-1.000,-0.020,0.000,,,1,15.000,25.000,1.000,8.000,,0,,7.457,113,1,1,1,0.011,1.209,0.00378,0.583,0.583,321.209,264.910,217.306,0.001,7.456,STOPPED,,EVT:READY,,,,,,EVT:READY
IDLE,0,1,114,,,0,0,,,0.000,0.011,1,1.191,24.876,-1.000,-0.020,0.000,,,1,15.000,25.000,1.000,8.000,,0,,7.524,114,1,1,1,0.011,1.191,0.00372,0.582,0.582,321.191,264.876,217.277,0.001,7.523,STOPPED,,EVT:READY,,,,,,EVT:READY
IDLE,0,1,115,,,0,0,,,0.000,0.010,1,1.094,24.523,-1.000,-0.020,0.000,,,1,15.000,25.000,1.000,8.000,,0,,7.588,115,1,1,1,0.010,1.094,0.00342,0.574,0.574,321.094,264.523,217.049,0.001,7.587,STOPPED,,EVT:READY,,,,,,EVT:READY
IDLE,0,1,116,,,0,0,,,0.000,0.011,1,1.195,24.882,-1.000,-0.020,0.000,,,1,15.000,25.000,1.000,8.000,,0,,7.625,116,1,1,1,0.011,1.195,0.00373,0.587,0.587,321.195,264.882,217.278,0.001,7.624,STOPPED,,EVT:READY,,,,,,EVT:READY
IDLE,0,1,117,,,0,0,,,0.000,0.011,1,1.157,24.788,-1.000,-0.020,0.000,,,1,15.000,25.000,1.000,8.000,,0,,7.693,117,1,1,1,0.011,1.157,0.00362,0.584,0.584,321.157,264.788,217.200,0.001,7.692,STOPPED,,EVT:READY,,,,,,EVT:READY
IDLE,0,1,118,,,0,0,,,0.000,0.010,1,1.078,24.527,-1.000,-0.020,0.000,,,1,15.000,25.000,1.000,8.000,,0,,7.756,118,1,1,1,0.010,1.078,0.00337,0.585,0.585,321.078,264.527,217.026,0.001,7.755,STOPPED,,EVT:READY,,,,,,EVT:READY
IDLE,0,1,119,,,0,0,,,0.000,0.011,1,1.161,24.797,-1.000,-0.020,0.000,,,1,15.000,25.000,1.000,8.000,,0,,7.825,119,1,1,1,0.011,1.161,0.00363,0.583,0.583,321.161,264.797,217.198,0.001,7.824,STOPPED,,EVT:READY,,,,,,EVT:READY
IDLE,0,1,120,,,0,0,,,0.000,0.010,1,1.092,24.540,-1.000,-0.020,0.000,,,1,15.000,25.000,1.000,8.000,,0,,7.893,120,1,1,1,0.010,1.092,0.00341,0.580,0.580,321.092,264.540,217.051,0.001,7.892,STOPPED,,EVT:READY,,,,,,EVT:READY
IDLE,0,1,121,,,0,0,,,0.000,0.011,1,1.175,24.822,-1.000,-0.020,0.000,,,1,15.000,25.000,1.000,8.000,,0,,7.961,121,1,1,1,0.011,1.175,0.00367,0.576,0.576,321.175,264.822,217.238,0.001,7.960,STOPPED,,EVT:READY,,,,,,EVT:READY
IDLE,0,1,122,,,0,0,,,0.000,0.011,1,1.184,24.816,-1.000,-0.020,0.000,,,1,15.000,25.000,1.000,8.000,,0,,8.028,122,1,1,1,0.011,1.184,0.00370,0.581,0.581,321.184,264.816,217.221,0.001,8.028,STOPPED,,EVT:READY,,,,,,EVT:READY
IDLE,0,1,123,,,0,0,,,0.000,0.011,1,1.156,24.804,-1.000,-0.020,0.000,,,1,15.000,25.000,1.000,8.000,,0,,8.092,123,1,1,1,0.011,1.156,0.00361,0.592,0.592,321.156,264.804,217.213,0.001,8.092,STOPPED,,EVT:READY,,,,,,EVT:READY
IDLE,0,1,124,,,0,0,,,0.000,0.011,1,1.178,24.792,-1.000,-0.020,0.000,,,1,15.000,25.000,1.000,8.000,,0,,8.161,124,1,1,1,0.011,1.178,0.00368,0.581,0.581,321.178,264.792,217.191,0.001,8.160,STOPPED,,EVT:READY,,,,,,EVT:READY
IDLE,0,1,125,,,0,0,,,0.000,0.010,1,1.094,24.537,-1.000,-0.020,0.000,,,1,15.000,25.000,1.000,8.000,,0,,8.229,125,1,1,1,0.010,1.094,0.00342,0.577,0.577,321.094,264.537,217.024,0.001,8.228,STOPPED,,EVT:READY,,,,,,EVT:READY
IDLE,0,1,126,,,0,0,,,0.000,0.011,1,1.186,24.803,-1.000,-0.020,0.000,,,1,15.000,25.000,1.000,8.000,,0,,8.297,126,1,1,1,0.011,1.186,0.00371,0.572,0.572,321.186,264.803,217.225,0.001,8.296,STOPPED,,EVT:READY,,,,,,EVT:READY
IDLE,0,1,127,,,0,0,,,0.000,0.010,1,1.080,24.543,-1.000,-0.020,0.000,,,1,15.000,25.000,1.000,8.000,,0,,8.365,127,1,1,1,0.010,1.080,0.00338,0.584,0.584,321.080,264.543,217.050,0.001,8.364,STOPPED,,EVT:READY,,,,,,EVT:READY
IDLE,0,1,128,,,0,0,,,0.000,0.011,1,1.149,24.787,-1.000,-0.020,0.000,,,1,15.000,25.000,1.000,8.000,,0,,8.429,128,1,1,1,0.011,1.149,0.00359,0.582,0.582,321.149,264.787,217.229,0.001,8.428,STOPPED,,EVT:READY,,,,,,EVT:READY
IDLE,0,1,129,,,0,0,,,0.000,0.011,1,1.166,24.791,-1.000,-0.020,0.000,,,1,15.000,25.000,1.000,8.000,,0,,8.496,129,1,1,1,0.011,1.166,0.00364,0.583,0.583,321.166,264.791,217.177,0.001,8.496,STOPPED,,EVT:READY,,,,,,EVT:READY
IDLE,0,1,130,,,0,0,,,0.000,0.011,1,1.146,24.815,-1.000,-0.020,0.000,,,1,15.000,25.000,1.000,8.000,,0,,8.565,130,1,1,1,0.011,1.146,0.00358,0.589,0.589,321.146,264.815,217.211,0.001,8.564,STOPPED,,EVT:READY,,,,,,EVT:READY
IDLE,0,1,131,,,0,0,,,0.000,0.011,1,1.151,24.788,-1.000,-0.020,0.000,,,1,15.000,25.000,1.000,8.000,,0,,8.632,131,1,1,1,0.011,1.151,0.00360,0.587,0.587,321.151,264.788,217.220,0.001,8.632,STOPPED,,EVT:READY,,,,,,EVT:READY
IDLE,0,1,132,,,0,0,,,0.000,0.011,1,1.177,24.806,-1.000,-0.020,0.000,,,1,15.000,25.000,1.000,8.000,,0,,8.697,132,1,1,1,0.011,1.177,0.00368,0.576,0.576,321.177,264.806,217.190,0.001,8.696,STOPPED,,EVT:READY,,,,,,EVT:READY
IDLE,0,1,133,,,0,0,,,0.000,0.010,1,1.067,24.509,-1.000,-0.020,0.000,,,1,15.000,25.000,1.000,8.000,,0,,8.765,133,1,1,1,0.010,1.067,0.00334,0.590,0.590,321.067,264.509,217.022,0.001,8.764,STOPPED,,EVT:READY,,,,,,EVT:READY
IDLE,0,1,134,,,0,0,,,0.000,0.011,1,1.184,24.837,-1.000,-0.020,0.000,,,1,15.000,25.000,1.000,8.000,,0,,8.833,134,1,1,1,0.011,1.184,0.00370,0.579,0.579,321.184,264.837,217.210,0.001,8.832,STOPPED,,EVT:READY,,,,,,EVT:READY
IDLE,0,1,135,,,0,0,,,0.000,0.011,1,1.196,24.802,-1.000,-0.020,0.000,,,1,15.000,25.000,1.000,8.000,,0,,8.901,135,1,1,1,0.011,1.196,0.00374,0.571,0.571,321.196,264.802,217.184,0.001,8.900,STOPPED,,EVT:READY,,,,,,EVT:READY
IDLE,0,1,136,,,0,0,,,0.000,0.011,1,1.169,24.814,-1.000,-0.020,0.000,,,1,15.000,25.000,1.000,8.000,,0,,8.969,136,1,1,1,0.011,1.169,0.00365,0.587,0.587,321.169,264.814,217.215,0.001,8.968,STOPPED,,EVT:READY,,,,,,EVT:READY
IDLE,0,1,137,,,0,0,,,0.000,0.011,1,1.162,24.807,-1.000,-0.020,0.000,,,1,15.000,25.000,1.000,8.000,,0,,9.033,137,1,1,1,0.011,1.162,0.00363,0.587,0.587,321.162,264.807,217.201,0.001,9.032,STOPPED,,EVT:READY,,,,,,EVT:READY
IDLE,0,1,138,,,0,0,,,0.000,0.011,1,1.162,24.814,-1.000,-0.020,0.000,,,1,15.000,25.000,1.000,8.000,,0,,9.101,138,1,1,1,0.011,1.162,0.00363,0.582,0.582,321.162,264.814,217.212,0.001,9.100,STOPPED,,EVT:READY,,,,,,EVT:READY
IDLE,0,1,139,,,0,0,,,0.000,0.011,1,1.170,24.853,-1.000,-0.020,0.000,,,1,15.000,25.000,1.000,8.000,,0,,9.169,139,1,1,1,0.011,1.170,0.00366,0.584,0.584,321.170,264.853,217.236,0.001,9.168,STOPPED,,EVT:READY,,,,,,EVT:READY
IDLE,0,1,140,,,0,0,,,0.000,0.011,1,1.192,24.884,-1.000,-0.020,0.000,,,1,15.000,25.000,1.000,8.000,,0,,9.237,140,1,1,1,0.011,1.192,0.00373,0.577,0.577,321.192,264.884,217.275,0.001,9.236,STOPPED,,EVT:READY,,,,,,EVT:READY
IDLE,0,1,141,,,0,0,,,0.000,0.011,1,1.220,24.940,-1.000,-0.020,0.000,,,1,15.000,25.000,1.000,8.000,,0,,9.301,141,1,1,1,0.011,1.220,0.00381,0.582,0.582,321.220,264.940,217.288,0.001,9.300,STOPPED,,EVT:READY,,,,,,EVT:READY
IDLE,0,1,142,,,0,0,,,0.000,0.011,1,1.170,24.824,-1.000,-0.020,0.000,,,1,15.000,25.000,1.000,8.000,,0,,9.337,142,1,1,1,0.011,1.170,0.00366,0.590,0.590,321.170,264.824,217.199,0.001,9.336,STOPPED,,EVT:READY,,,,,,EVT:READY
IDLE,0,1,143,,,0,0,,,0.000,0.011,1,1.200,24.856,-1.000,-0.020,0.000,,,1,15.000,25.000,1.000,8.000,,0,,9.405,143,1,1,1,0.011,1.200,0.00375,0.576,0.576,321.200,264.856,217.242,0.001,9.404,STOPPED,,EVT:READY,,,,,,EVT:READY
IDLE,0,1,144,,,0,0,,,0.000,0.011,1,1.180,24.799,-1.000,-0.020,0.000,,,1,15.000,25.000,1.000,8.000,,0,,9.469,144,1,1,1,0.011,1.180,0.00369,0.583,0.583,321.180,264.799,217.198,0.001,9.468,STOPPED,,EVT:READY,,,,,,EVT:READY
IDLE,0,1,145,,,0,0,,,0.000,0.011,1,1.177,24.819,-1.000,-0.020,0.000,,,1,15.000,25.000,1.000,8.000,,0,,9.537,145,1,1,1,0.011,1.177,0.00368,0.575,0.575,321.177,264.819,217.211,0.001,9.536,STOPPED,,EVT:READY,,,,,,EVT:READY
IDLE,0,1,146,,,0,0,,,0.000,0.011,1,1.164,24.798,-1.000,-0.020,0.000,,,1,15.000,25.000,1.000,8.000,,0,,9.605,146,1,1,1,0.011,1.164,0.00364,0.576,0.576,321.164,264.798,217.231,0.001,9.604,STOPPED,,EVT:READY,,,,,,EVT:READY
IDLE,0,1,147,,,0,0,,,0.000,0.010,1,1.078,24.516,-1.000,-0.020,0.000,,,1,15.000,25.000,1.000,8.000,,0,,9.673,147,1,1,1,0.010,1.078,0.00337,0.580,0.580,321.078,264.516,217.051,0.001,9.672,STOPPED,,EVT:READY,,,,,,EVT:READY
IDLE,0,1,148,,,0,0,,,0.000,0.011,1,1.161,24.808,-1.000,-0.020,0.000,,,1,15.000,25.000,1.000,8.000,,0,,9.741,148,1,1,1,0.011,1.161,0.00363,0.593,0.593,321.161,264.808,217.210,0.001,9.740,STOPPED,,EVT:READY,,,,,,EVT:READY
IDLE,0,1,149,,,0,0,,,0.000,0.010,1,1.072,24.530,-1.000,-0.020,0.000,,,1,15.000,25.000,1.000,8.000,,0,,9.805,149,1,1,1,0.010,1.072,0.00335,0.583,0.583,321.072,264.530,217.045,0.001,9.804,STOPPED,,EVT:READY,,,,,,EVT:READY
IDLE,0,1,150,,,0,0,,,0.000,0.010,1,1.086,24.547,-1.000,-0.020,0.000,,,1,15.000,25.000,1.000,8.000,,0,,9.873,150,1,1,1,0.010,1.086,0.00339,0.582,0.582,321.086,264.547,217.051,0.001,9.872,STOPPED,,EVT:READY,,,,,,EVT:READY
IDLE,0,1,151,,,0,0,,,0.000,0.011,1,1.165,24.825,-1.000,-0.020,0.000,,,1,15.000,25.000,1.000,8.000,,0,,9.941,151,1,1,1,0.011,1.165,0.00364,0.579,0.579,321.165,264.825,217.237,0.001,9.940,STOPPED,,EVT:READY,,,,,,EVT:READY
IDLE,0,1,152,,,0,0,,,0.000,0.010,1,1.093,24.548,-1.000,-0.020,0.000,,,1,15.000,25.000,1.000,8.000,,0,,10.009,152,1,1,1,0.010,1.093,0.00342,0.574,0.574,321.093,264.548,217.055,0.001,10.008,STOPPED,,EVT:READY,,,,,,EVT:READY
IDLE,0,1,153,,,0,0,,,0.000,0.011,1,1.181,24.888,-1.000,-0.020,0.000,,,1,15.000,25.000,1.000,8.000,,0,,10.077,153,1,1,1,0.011,1.181,0.00369,0.589,0.589,321.181,264.888,217.264,0.001,10.076,STOPPED,,EVT:READY,,,,,,EVT:READY
IDLE,0,1,154,,,0,0,,,0.000,0.010,1,1.102,24.560,-1.000,-0.020,0.000,,,1,15.000,25.000,1.000,8.000,,0,,10.141,154,1,1,1,0.010,1.102,0.00344,0.586,0.586,321.102,264.560,217.055,0.001,10.140,STOPPED,,EVT:READY,,,,,,EVT:READY
IDLE,0,1,155,,,0,0,,,0.000,0.011,1,1.155,24.820,-1.000,-0.020,0.000,,,1,15.000,25.000,1.000,8.000,,0,,10.209,155,1,1,1,0.011,1.155,0.00361,0.578,0.578,321.155,264.820,217.215,0.001,10.208,STOPPED,,EVT:READY,,,,,,EVT:READY
IDLE,0,1,156,,,0,0,,,0.000,0.011,1,1.161,24.784,-1.000,-0.020,0.000,,,1,15.000,25.000,1.000,8.000,,0,,10.277,156,1,1,1,0.011,1.161,0.00363,0.574,0.574,321.161,264.784,217.205,0.001,10.276,STOPPED,,EVT:READY,,,,,,EVT:READY
IDLE,0,1,157,,,0,0,,,0.000,0.011,1,1.173,24.827,-1.000,-0.020,0.000,,,1,15.000,25.000,1.000,8.000,,0,,10.345,157,1,1,1,0.011,1.173,0.00367,0.586,0.586,321.173,264.827,217.214,0.001,10.344,STOPPED,,EVT:READY,,,,,,EVT:READY
IDLE,0,1,158,,,0,0,,,0.000,0.011,1,1.159,24.819,-1.000,-0.020,0.000,,,1,15.000,25.000,1.000,8.000,,0,,10.409,158,1,1,1,0.011,1.159,0.00362,0.587,0.587,321.159,264.819,217.226,0.001,10.408,STOPPED,,EVT:READY,,,,,,EVT:READY
IDLE,0,1,159,,,0,0,,,0.000,0.010,1,1.087,24.525,-1.000,-0.020,0.000,,,1,15.000,25.000,1.000,8.000,,0,,10.477,159,1,1,1,0.010,1.087,0.00340,0.577,0.577,321.087,264.525,217.029,0.001,10.476,STOPPED,,EVT:READY,,,,,,EVT:READY
IDLE,0,1,160,,,0,0,,,0.000,0.011,1,1.161,24.776,-1.000,-0.020,0.000,,,1,15.000,25.000,1.000,8.000,,0,,10.545,160,1,1,1,0.011,1.161,0.00363,0.577,0.577,321.161,264.776,217.193,0.001,10.544,STOPPED,,EVT:READY,,,,,,EVT:READY
IDLE,0,1,161,,,0,0,,,0.000,0.011,1,1.172,24.785,-1.000,-0.020,0.000,,,1,15.000,25.000,1.000,8.000,,0,,10.613,161,1,1,1,0.011,1.172,0.00366,0.581,0.581,321.172,264.785,217.185,0.001,10.612,STOPPED,,EVT:READY,,,,,,EVT:READY
IDLE,0,1,162,,,0,0,,,0.000,0.010,1,1.090,24.513,-1.000,-0.020,0.000,,,1,15.000,25.000,1.000,8.000,,0,,10.681,162,1,1,1,0.010,1.090,0.00341,0.582,0.582,321.090,264.513,217.064,0.001,10.680,STOPPED,,EVT:READY,,,,,,EVT:READY
IDLE,0,1,163,,,0,0,,,0.000,0.011,1,1.166,24.806,-1.000,-0.020,0.000,,,1,15.000,25.000,1.000,8.000,,0,,10.745,163,1,1,1,0.011,1.166,0.00364,0.582,0.582,321.166,264.806,217.192,0.001,10.744,STOPPED,,EVT:READY,,,,,,EVT:READY
IDLE,0,1,164,,,0,0,,,0.000,0.011,1,1.170,24.906,-1.000,-0.020,0.000,,,1,15.000,25.000,1.000,8.000,,0,,10.813,164,1,1,1,0.011,1.170,0.00366,0.587,0.587,321.170,264.906,217.268,0.001,10.812,STOPPED,,EVT:READY,,,,,,EVT:READY
IDLE,0,1,165,,,0,0,,,0.000,0.011,1,1.160,24.771,-1.000,-0.020,0.000,,,1,15.000,25.000,1.000,8.000,,0,,10.881,165,1,1,1,0.011,1.160,0.00362,0.583,0.583,321.160,264.771,217.212,0.001,10.880,STOPPED,,EVT:READY,,,,,,EVT:READY
IDLE,0,1,166,,,0,0,,,0.000,0.011,1,1.166,24.811,-1.000,-0.020,0.000,,,1,15.000,25.000,1.000,8.000,,0,,10.949,166,1,1,1,0.011,1.166,0.00364,0.583,0.583,321.166,264.811,217.220,0.001,10.948,STOPPED,,EVT:READY,,,,,,EVT:READY
IDLE,0,1,167,,,0,0,,,0.000,0.011,1,1.176,24.835,-1.000,-0.020,0.000,,,1,15.000,25.000,1.000,8.000,,0,,11.013,167,1,1,1,0.011,1.176,0.00367,0.585,0.585,321.176,264.835,217.211,0.001,11.012,STOPPED,,EVT:READY,,,,,,EVT:READY
IDLE,0,1,168,,,0,0,,,0.000,0.011,1,1.187,24.898,-1.000,-0.020,0.000,,,1,15.000,25.000,1.000,8.000,,0,,11.049,168,1,1,1,0.011,1.187,0.00371,0.587,0.587,321.187,264.898,217.286,0.001,11.048,STOPPED,,EVT:READY,,,,,,EVT:READY
IDLE,0,1,169,,,0,0,,,0.000,0.011,1,1.177,24.814,-1.000,-0.020,0.000,,,1,15.000,25.000,1.000,8.000,,0,,11.117,169,1,1,1,0.011,1.177,0.00368,0.586,0.586,321.177,264.814,217.207,0.001,11.116,STOPPED,,EVT:READY,,,,,,EVT:READY
IDLE,0,1,170,,,0,0,,,0.000,0.010,1,1.090,24.537,-1.000,-0.020,0.000,,,1,15.000,25.000,1.000,8.000,,0,,11.181,170,1,1,1,0.010,1.090,0.00341,0.585,0.585,321.090,264.537,217.037,0.001,11.180,STOPPED,,EVT:READY,,,,,,EVT:READY
IDLE,0,1,171,,,0,0,,,0.000,0.011,1,1.174,24.829,-1.000,-0.020,0.000,,,1,15.000,25.000,1.000,8.000,,0,,11.249,171,1,1,1,0.011,1.174,0.00367,0.573,0.573,321.174,264.829,217.234,0.001,11.248,STOPPED,,EVT:READY,,,,,,EVT:READY
IDLE,0,1,172,,,0,0,,,0.000,0.010,1,1.071,24.543,-1.000,-0.020,0.000,,,1,15.000,25.000,1.000,8.000,,0,,11.317,172,1,1,1,0.010,1.071,0.00335,0.587,0.587,321.071,264.543,217.064,0.001,11.316,STOPPED,,EVT:READY,,,,,,EVT:READY
IDLE,0,1,173,,,0,0,,,0.000,0.010,1,1.056,24.514,-1.000,-0.020,0.000,,,1,15.000,25.000,1.000,8.000,,0,,11.385,173,1,1,1,0.010,1.056,0.00330,0.589,0.589,321.056,264.514,217.040,0.001,11.384,STOPPED,,EVT:READY,,,,,,EVT:READY
IDLE,0,1,174,,,0,0,,,0.000,0.011,1,1.176,24.814,-1.000,-0.020,0.000,,,1,15.000,25.000,1.000,8.000,,0,,11.453,174,1,1,1,0.011,1.176,0.00367,0.581,0.581,321.176,264.814,217.212,0.001,11.452,STOPPED,,EVT:READY,,,,,,EVT:READY
IDLE,0,1,175,,,0,0,,,0.000,0.010,1,1.090,24.557,-1.000,-0.020,0.000,,,1,15.000,25.000,1.000,8.000,,0,,11.517,175,1,1,1,0.010,1.090,0.00341,0.572,0.572,321.090,264.557,217.086,0.001,11.516,STOPPED,,EVT:READY,,,,,,EVT:READY
IDLE,0,1,176,,,0,0,,,0.000,0.011,1,1.167,24.814,-1.000,-0.020,0.000,,,1,15.000,25.000,1.000,8.000,,0,,11.585,176,1,1,1,0.011,1.167,0.00365,0.580,0.580,321.167,264.814,217.232,0.001,11.584,STOPPED,,EVT:READY,,,,,,EVT:READY
IDLE,0,1,177,,,0,0,,,0.000,0.011,1,1.184,24.886,-1.000,-0.020,0.000,,,1,15.000,25.000,1.000,8.000,,0,,11.653,177,1,1,1,0.011,1.184,0.00370,0.584,0.584,321.184,264.886,217.266,0.001,11.652,STOPPED,,EVT:READY,,,,,,EVT:READY
IDLE,0,1,178,,,0,0,,,0.000,0.011,1,1.185,24.880,-1.000,-0.020,0.000,,,1,15.000,25.000,1.000,8.000,,0,,11.721,178,1,1,1,0.011,1.185,0.00370,0.579,0.579,321.185,264.880,217.255,0.001,11.720,STOPPED,,EVT:READY,,,,,,EVT:READY
IDLE,0,1,179,,,0,0,,,0.000,0.010,1,1.073,24.555,-1.000,-0.020,0.000,,,1,15.000,25.000,1.000,8.000,,0,,11.789,179,1,1,1,0.010,1.073,0.00335,0.589,0.589,321.073,264.555,217.058,0.001,11.788,STOPPED,,EVT:READY,,,,,,EVT:READY
IDLE,0,1,180,,,0,0,,,0.000,0.011,1,1.143,24.796,-1.000,-0.020,0.000,,,1,15.000,25.000,1.000,8.000,,0,,11.853,180,1,1,1,0.011,1.143,0.00357,0.580,0.580,321.143,264.796,217.204,0.001,11.852,STOPPED,,EVT:READY,,,,,,EVT:READY
IDLE,0,1,181,,,0,0,,,0.000,0.011,1,1.163,24.837,-1.000,-0.020,0.000,,,1,15.000,25.000,1.000,8.000,,0,,11.921,181,1,1,1,0.011,1.163,0.00363,0.592,0.592,321.163,264.837,217.225,0.001,11.920,STOPPED,,EVT:READY,,,,,,EVT:READY
IDLE,0,1,182,,,0,0,,,0.000,0.010,1,1.066,24.543,-1.000,-0.020,0.000,,,1,15.000,25.000,1.000,8.000,,0,,11.989,182,1,1,1,0.010,1.066,0.00333,0.593,0.593,321.066,264.543,217.050,0.001,11.988,STOPPED,,EVT:READY,,,,,,EVT:READY
IDLE,0,1,183,,,0,0,,,0.000,0.011,1,1.166,24.835,-1.000,-0.020,0.000,,,1,15.000,25.000,1.000,8.000,,0,,12.057,183,1,1,1,0.011,1.166,0.00364,0.583,0.583,321.166,264.835,217.194,0.001,12.056,STOPPED,,EVT:READY,,,,,,EVT:READY
IDLE,0,1,184,,,0,0,,,0.000,0.010,1,1.117,24.582,-1.000,-0.020,0.000,,,1,15.000,25.000,1.000,8.000,,0,,12.121,184,1,1,1,0.010,1.117,0.00349,0.569,0.569,321.117,264.582,217.047,0.001,12.120,STOPPED,,EVT:READY,,,,,,EVT:READY
IDLE,0,1,185,,,0,0,,,0.000,0.011,1,1.153,24.846,-1.000,-0.020,0.000,,,1,15.000,25.000,1.000,8.000,,0,,12.189,185,1,1,1,0.011,1.153,0.00360,0.592,0.592,321.153,264.846,217.215,0.001,12.188,STOPPED,,EVT:READY,,,,,,EVT:READY
IDLE,0,1,186,,,0,0,,,0.000,0.011,1,1.142,24.840,-1.000,-0.020,0.000,,,1,15.000,25.000,1.000,8.000,,0,,12.257,186,1,1,1,0.011,1.142,0.00357,0.588,0.588,321.142,264.840,217.200,0.001,12.256,STOPPED,,EVT:READY,,,,,,EVT:READY
IDLE,0,1,187,,,0,0,,,0.000,0.011,1,1.177,24.919,-1.000,-0.020,0.000,,,1,15.000,25.000,1.000,8.000,,0,,12.325,187,1,1,1,0.011,1.177,0.00368,0.586,0.586,321.177,264.919,217.251,0.001,12.324,STOPPED,,EVT:READY,,,,,,EVT:READY
IDLE,0,1,188,,,0,0,,,0.000,0.011,1,1.159,24.855,-1.000,-0.020,0.000,,,1,15.000,25.000,1.000,8.000,,0,,12.393,188,1,1,1,0.011,1.159,0.00362,0.581,0.581,321.159,264.855,217.243,0.001,12.392,STOPPED,,EVT:READY,,,,,,EVT:READY
IDLE,0,1,189,,,0,0,,,0.000,0.011,1,1.156,24.826,-1.000,-0.020,0.000,,,1,15.000,25.000,1.000,8.000,,0,,12.457,189,1,1,1,0.011,1.156,0.00361,0.591,0.591,321.156,264.826,217.216,0.001,12.456,STOPPED,,EVT:READY,,,,,,EVT:READY
MOVING,1,,0,manual_start_forward,,0,0,,,0.000,0.010,1,1.092,24.547,-1.000,-0.020,0.000,,,1,15.000,25.000,1.000,8.000,MOVE_RPM:20.00,0,,12.525,190,1,1,1,0.010,1.092,0.00341,0.582,0.582,321.092,264.547,217.045,0.001,12.524,STOPPED,,EVT:READY,,,,,,EVT:READY
MOVING,1,1,1,tag_1_corr,,1,1,-0.022,-0.022,0.000,0.010,1,1.087,26.771,-1.000,-0.020,0.000,,,0,15.000,25.000,1.000,8.000,,0,,12.596,191,1,1,1,0.010,1.087,0.00340,0.568,0.568,321.087,266.771,217.081,12.542,0.054,MOVING,FWD_CM:300.000,ACK:FWD_CM,,,,,,ACK:FWD_CM
MOVING,1,1,2,,,1,0,-0.013,-0.013,0.000,0.006,1,0.666,54.455,-1.000,-0.020,0.000,,,0,15.000,25.000,1.000,8.000,,0,,12.661,192,1,1,1,0.006,0.666,0.00208,0.914,0.914,320.666,294.455,218.011,12.542,0.118,MOVING,TAG_CORR:-0.02,ACK:FWD_CM,,,,,,ACK:FWD_CM
MOVING,1,1,3,tag_1_corr,,1,1,-0.018,-0.018,0.000,0.008,1,0.900,51.207,-1.000,-0.020,0.000,,,0,15.000,25.000,1.000,8.000,,0,,12.725,193,1,1,1,0.008,0.900,0.00281,0.802,0.802,320.900,291.207,217.841,12.542,0.182,MOVING,TAG_CORR:-0.02,ACK:FWD_CM,,,,,,ACK:FWD_CM
MOVING,1,1,4,,,1,0,-0.012,-0.012,0.000,0.005,1,0.600,71.940,-1.000,-0.020,0.000,,,0,15.000,25.000,1.000,8.000,,0,,12.761,194,1,1,1,0.005,0.600,0.00187,1.071,1.071,320.600,311.940,218.455,12.751,0.009,MOVING,TAG_CORR:-0.02,ACK:FWD_CM,0.130,0.000,0.000,5.610,5.610,"TEL:H=0.13,E=0.00,C=0.00,L=5.61,R=5.61,S=121,TS=81618,T=-0.02,TA=1,TGT=0.00,MR=20.00,MODE=FWD"
MOVING,1,1,5,tag_1_corr,,1,1,0.006,0.006,0.000,-0.003,1,-0.295,102.194,-1.000,-0.020,0.000,,,0,15.000,25.000,1.000,8.000,,0,,12.829,195,1,1,1,-0.003,-0.295,-0.00092,0.954,0.954,319.705,342.194,219.582,12.751,0.077,MOVING,TAG_CORR:-0.02,ACK:FWD_CM,0.130,0.000,0.000,5.610,5.610,"TEL:H=0.13,E=0.00,C=0.00,L=5.61,R=5.61,S=121,TS=81618,T=-0.02,TA=1,TGT=0.00,MR=20.00,MODE=FWD"
MOVING,1,,0,tag_corr_clear,,0,1,,,0.000,,0,,,-1.000,-0.020,0.000,,,0,15.000,25.000,1.000,8.000,,0,,13.165,200,0,0,,,,,,,,,,13.153,0.011,MOVING,TAG_CORR:0.01,ACK:FWD_CM,0.280,0.000,0.000,13.680,13.680,"TEL:H=0.28,E=0.00,C=0.00,L=13.68,R=13.68,S=725,TS=81618,T=0.00,TA=0,TGT=0.00,MR=20.00,MODE=FWD"
MOVING,1,2,1,tag_2_slow_for_tag_3,,1,1,-0.709,-0.709,0.000,0.330,1,35.467,-40.717,-1.000,-0.020,0.000,,,0,15.000,25.000,1.000,8.000,MOVE_RPM:6.00,1,3,19.945,303,1,1,2,0.330,35.467,0.11083,-0.051,-0.051,355.467,199.283,215.195,19.808,0.138,MOVING,TAG_CORR:0.00,ACK:FWD_CM,0.460,0.000,0.000,20.000,20.000,"TEL:H=0.46,E=0.00,C=0.00,L=20.00,R=20.00,S=19990,TS=81618,T=0.00,TA=0,TGT=0.00,MR=20.00,MODE=FWD"
MOVING,1,2,2,,,1,0,-0.677,-0.677,0.000,0.311,1,33.849,36.157,-1.000,-0.020,0.000,,,0,15.000,25.000,1.000,8.000,,0,3,20.013,304,1,1,2,0.311,33.849,0.10578,0.182,0.182,353.849,276.157,217.451,20.009,0.005,MOVING,TAG_CORR:-0.71,ACK:MOVE_RPM:6.00,0.470,1.200,-1.200,20.390,18.000,"TEL:H=0.47,E=1.20,C=-1.20,L=20.39,R=18.00,S=20573,TS=81618,T=-0.71,TA=1,TGT=0.00,MR=6.00,MODE=FWD"
MOVING,1,,0,tag_corr_clear,,0,1,,,0.000,,0,,,-1.000,-0.020,0.000,,,0,15.000,25.000,1.000,8.000,,0,,20.281,308,0,0,,,,,,,,,,20.211,0.070,MOVING,TAG_CORR:-0.71,ACK:MOVE_RPM:6.00,0.130,0.850,-0.850,16.050,14.350,"TEL:H=0.13,E=0.85,C=-0.85,L=16.05,R=14.35,S=21085,TS=81618,T=-0.71,TA=1,TGT=0.00,MR=6.00,MODE=FWD"
PRE_TURN_FORWARD,1,3,1,tag_3_detected_pre_turn_forward,3,0,1,,,0.000,0.162,1,17.190,116.319,-1.000,-0.020,0.000,3,TURN_R_DEG:90.000,0,15.000,25.000,1.000,8.000,MOVE_RPM:6.00,0,,41.598,632,1,1,3,0.162,17.190,0.05372,2.127,2.127,337.190,356.319,212.017,41.576,0.022,MOVING,TAG_CORR:0.00,ACK:MOVE_RPM:6.00,0.410,0.000,0.000,6.000,6.000,"TEL:H=0.41,E=0.00,C=0.00,L=6.00,R=6.00,S=41246,TS=81618,T=0.00,TA=0,TGT=0.00,MR=6.00,MODE=FWD"
TURNING,1,,0,pre_turn_done_turn_r_deg:90.000,3,0,0,,,0.000,,0,,,-1.000,-0.020,0.000,3,TURN_R_DEG:90.000,0,15.000,25.000,1.000,8.000,,0,,42.334,643,0,0,,,,,,,,,,42.278,0.056,STOPPED,FWD_CM:2.000,EVT:MOVE_DONE,-0.060,0.000,0.000,6.000,6.000,EVT:MOVE_DONE
TURNING,1,3,1,,3,0,0,,,0.000,1.251,1,131.771,-39.017,-1.000,-0.020,0.000,3,TURN_R_DEG:90.000,0,15.000,25.000,1.000,8.000,,0,,46.026,699,1,1,3,1.251,131.771,0.41179,-70.352,-70.352,451.771,200.983,210.740,45.975,0.051,TURNING,TURN_R_DEG:90.000,ACK:TURN_R_DEG,-69.960,-20.160,0.000,6.000,6.000,"TEL:H=-69.96,E=-20.16,C=0.00,L=6.00,R=6.00,S=0,TS=0,T=0.00,TA=0,TGT=-90.00,MR=6.00,MODE=TURN_R"
TURNING,1,3,1,,3,0,0,,,0.000,1.230,1,129.369,-42.272,-1.000,-0.020,0.000,3,TURN_R_DEG:90.000,0,15.000,25.000,1.000,8.000,,0,,46.130,701,1,1,3,1.230,129.369,0.40428,-71.378,-71.378,449.369,197.728,210.361,45.975,0.155,TURNING,TURN_R_DEG:90.000,ACK:TURN_R_DEG,-69.960,-20.160,0.000,6.000,6.000,"TEL:H=-69.96,E=-20.16,C=0.00,L=6.00,R=6.00,S=0,TS=0,T=0.00,TA=0,TGT=-90.00,MR=6.00,MODE=TURN_R"
TURNING,1,3,2,,3,0,0,,,0.000,1.210,1,127.622,-45.674,-1.000,-0.020,0.000,3,TURN_R_DEG:90.000,0,15.000,25.000,1.000,8.000,,0,,46.194,702,1,1,3,1.210,127.622,0.39882,-72.132,-72.132,447.622,194.326,210.920,46.177,0.017,TURNING,TURN_R_DEG:90.000,ACK:TURN_R_DEG,-72.050,-18.050,0.000,6.000,6.000,"TEL:H=-72.05,E=-18.05,C=0.00,L=6.00,R=6.00,S=0,TS=0,T=0.00,TA=0,TGT=-90.00,MR=6.00,MODE=TURN_R"
TURNING,1,3,1,,3,0,0,,,0.000,1.133,1,118.554,-70.114,-1.000,-0.020,0.000,3,TURN_R_DEG:90.000,0,15.000,25.000,1.000,8.000,,0,,46.598,708,1,1,3,1.133,118.554,0.37048,-76.036,-76.036,438.554,169.886,209.244,46.580,0.018,TURNING,TURN_R_DEG:90.000,ACK:TURN_R_DEG,-76.000,-14.100,0.000,6.000,6.000,"TEL:H=-76.00,E=-14.10,C=0.00,L=6.00,R=6.00,S=0,TS=0,T=0.00,TA=0,TGT=-90.00,MR=6.00,MODE=TURN_R"
TURNING,1,3,1,,3,0,0,,,0.000,0.987,1,102.543,-112.730,-1.000,-0.020,0.000,3,TURN_R_DEG:90.000,0,15.000,25.000,1.000,8.000,,0,,47.070,715,1,1,3,0.987,102.543,0.32045,-80.619,-80.619,422.543,127.270,207.688,46.983,0.087,TURNING,TURN_R_DEG:90.000,ACK:TURN_R_DEG,-79.860,-10.230,0.000,6.000,6.000,"TEL:H=-79.86,E=-10.23,C=0.00,L=6.00,R=6.00,S=0,TS=0,T=0.00,TA=0,TGT=-90.00,MR=6.00,MODE=TURN_R"
POST_TURN_FORWARD,1,,0,turn_done_post_forward,3,0,0,,,0.000,,0,,,-1.000,-0.020,0.000,3,TURN_R_DEG:90.000,0,15.000,25.000,1.000,8.000,,0,,47.778,726,0,0,,,,,,,,,,47.774,0.004,STOPPED,TURN_R_DEG:90.000,EVT:TURN_DONE,-85.980,-4.120,0.000,6.000,6.000,EVT:TURN_DONE
POST_TURN_FORWARD,1,3,1,,3,0,0,,,0.000,0.608,1,63.992,-130.121,-1.000,-0.020,0.000,3,TURN_R_DEG:90.000,0,15.000,25.000,1.000,8.000,,0,,48.042,730,1,1,3,0.608,63.992,0.19998,-88.467,-88.467,383.992,109.879,210.471,47.993,0.049,MOVING,FWD_CM:2.000,ACK:FWD_CM,0.200,0.000,0.000,5.610,5.610,"TEL:H=0.20,E=0.00,C=0.00,L=5.61,R=5.61,S=121,TS=544,T=0.00,TA=0,TGT=0.00,MR=6.00,MODE=FWD"
POST_TURN_FORWARD,1,3,2,,3,0,0,,,0.000,0.607,1,64.411,-93.431,-1.000,-0.020,0.000,3,TURN_R_DEG:90.000,0,15.000,25.000,1.000,8.000,,0,,48.110,731,1,1,3,0.607,64.411,0.20128,-88.085,-88.085,384.411,146.569,212.231,47.993,0.117,MOVING,FWD_CM:2.000,ACK:FWD_CM,0.200,0.000,0.000,5.610,5.610,"TEL:H=0.20,E=0.00,C=0.00,L=5.61,R=5.61,S=121,TS=544,T=0.00,TA=0,TGT=0.00,MR=6.00,MODE=FWD"
POST_TURN_FORWARD,1,3,3,,3,0,0,,,0.000,0.603,1,63.563,-77.138,-1.000,-0.020,0.000,3,TURN_R_DEG:90.000,0,15.000,25.000,1.000,8.000,,0,,48.178,732,1,1,3,0.603,63.563,0.19863,-88.436,-88.436,383.563,162.862,210.890,47.993,0.185,MOVING,FWD_CM:2.000,ACK:FWD_CM,0.200,0.000,0.000,5.610,5.610,"TEL:H=0.20,E=0.00,C=0.00,L=5.61,R=5.61,S=121,TS=544,T=0.00,TA=0,TGT=0.00,MR=6.00,MODE=FWD"
POST_TURN_FORWARD,1,3,4,,3,0,0,,,0.000,0.593,1,63.543,-46.057,-1.000,-0.020,0.000,3,TURN_R_DEG:90.000,0,15.000,25.000,1.000,8.000,,0,,48.242,733,1,1,3,0.593,63.543,0.19857,-88.210,-88.210,383.543,193.943,214.167,48.195,0.047,MOVING,FWD_CM:2.000,ACK:FWD_CM,0.160,0.000,0.000,6.000,6.000,"TEL:H=0.16,E=0.00,C=0.00,L=6.00,R=6.00,S=307,TS=544,T=0.00,TA=0,TGT=0.00,MR=6.00,MODE=FWD"
POST_TURN_FORWARD,1,3,5,,3,0,0,,,0.000,0.592,1,63.013,-25.951,-1.000,-0.020,0.000,3,TURN_R_DEG:90.000,0,15.000,25.000,1.000,8.000,,0,,48.310,734,1,1,3,0.592,63.013,0.19692,-88.349,-88.349,383.013,214.049,213.062,48.195,0.115,MOVING,FWD_CM:2.000,ACK:FWD_CM,0.160,0.000,0.000,6.000,6.000,"TEL:H=0.16,E=0.00,C=0.00,L=6.00,R=6.00,S=307,TS=544,T=0.00,TA=0,TGT=0.00,MR=6.00,MODE=FWD"
POST_TURN_FORWARD,1,3,6,,3,0,0,,,0.000,0.574,1,62.118,1.760,-1.000,-0.020,0.000,3,TURN_R_DEG:90.000,0,15.000,25.000,1.000,8.000,,0,,48.378,735,1,1,3,0.574,62.118,0.19412,-88.155,-88.155,382.118,241.760,216.364,48.195,0.183,MOVING,FWD_CM:2.000,ACK:FWD_CM,0.160,0.000,0.000,6.000,6.000,"TEL:H=0.16,E=0.00,C=0.00,L=6.00,R=6.00,S=307,TS=544,T=0.00,TA=0,TGT=0.00,MR=6.00,MODE=FWD"
POST_TURN_FORWARD,1,3,7,,3,0,0,,,0.000,0.573,1,61.630,25.463,-1.000,-0.020,0.000,3,TURN_R_DEG:90.000,0,15.000,25.000,1.000,8.000,,0,,48.446,736,1,1,3,0.573,61.630,0.19259,-88.242,-88.242,381.630,265.463,215.090,48.396,0.050,MOVING,FWD_CM:2.000,ACK:FWD_CM,0.350,0.000,0.000,6.000,6.000,"TEL:H=0.35,E=0.00,C=0.00,L=6.00,R=6.00,S=493,TS=544,T=0.00,TA=0,TGT=0.00,MR=6.00,MODE=FWD"
POST_TURN_ALIGN_STEP,1,3,8,post_turn_xy_align_back_cm,3,1,1,-1.226,-1.226,0.000,0.567,1,61.291,44.893,-1.000,-0.020,0.000,3,TURN_R_DEG:90.000,0,15.000,25.000,1.000,8.000,,0,,48.514,737,1,1,3,0.567,61.291,0.19153,-88.224,-88.224,381.291,284.893,216.058,48.455,0.059,STOPPED,FWD_CM:2.000,EVT:MOVE_DONE,0.350,0.000,0.000,6.000,6.000,EVT:MOVE_DONE
POST_TURN_ALIGN_STEP,1,3,9,,3,0,0,,,0.000,0.565,1,61.332,59.437,-1.000,-0.020,0.000,3,TURN_R_DEG:90.000,0,15.000,25.000,1.000,8.000,,0,,48.578,738,1,1,3,0.565,61.332,0.19166,-88.272,-88.272,381.332,299.437,217.136,48.526,0.052,MOVING,BACK_CM:1.000,ACK:BACK_CM,0.350,0.000,0.000,6.000,6.000,ACK:BACK_CM
POST_TURN_ALIGN_STEP,1,3,1,,3,0,0,,,0.000,0.577,1,60.687,43.062,-1.000,-0.020,0.000,3,TURN_R_DEG:90.000,0,15.000,25.000,1.000,8.000,,0,,48.783,741,1,1,3,0.577,60.687,0.18965,-88.390,-88.390,380.687,283.062,210.274,48.733,0.050,MOVING,BACK_CM:1.000,ACK:BACK_CM,-0.210,0.000,0.000,5.620,5.620,"TEL:H=-0.21,E=0.00,C=0.00,L=5.62,R=5.62,S=121,TS=272,T=0.00,TA=0,TGT=0.00,MR=6.00,MODE=BACK"
POST_TURN_ALIGN_STEP,1,3,2,,3,0,0,,,0.000,0.592,1,60.844,17.150,-1.000,-0.020,0.000,3,TURN_R_DEG:90.000,0,15.000,25.000,1.000,8.000,,0,,48.847,742,1,1,3,0.592,60.844,0.19014,-88.412,-88.412,380.844,257.150,205.403,48.733,0.114,MOVING,BACK_CM:1.000,ACK:BACK_CM,-0.210,0.000,0.000,5.620,5.620,"TEL:H=-0.21,E=0.00,C=0.00,L=5.62,R=5.62,S=121,TS=272,T=0.00,TA=0,TGT=0.00,MR=6.00,MODE=BACK"
POST_TURN_ALIGN_STEP,1,3,3,post_turn_xy_align_fwd_cm,3,1,1,-1.216,-1.216,0.000,0.586,1,60.803,-8.986,-1.000,-0.020,0.000,3,TURN_R_DEG:90.000,0,15.000,25.000,1.000,8.000,,0,,48.915,743,1,1,3,0.586,60.803,0.19001,-88.454,-88.454,380.803,231.014,207.600,48.892,0.022,STOPPED,BACK_CM:1.000,EVT:MOVE_DONE,-0.210,0.000,0.000,5.620,5.620,EVT:MOVE_DONE
POST_TURN_ALIGN_STEP,1,3,4,,3,0,0,,,0.000,0.576,1,61.399,-13.599,-1.000,-0.020,0.000,3,TURN_R_DEG:90.000,0,15.000,25.000,1.000,8.000,,0,,48.982,744,1,1,3,0.576,61.399,0.19187,-88.211,-88.211,381.399,226.401,213.011,48.925,0.057,MOVING,FWD_CM:1.000,ACK:FWD_CM,-0.210,0.000,0.000,5.620,5.620,ACK:FWD_CM
POST_TURN_ALIGN_STEP,1,3,5,,3,0,0,,,0.000,0.586,1,61.659,-4.046,-1.000,-0.020,0.000,3,TURN_R_DEG:90.000,0,15.000,25.000,1.000,8.000,,0,,49.050,745,1,1,3,0.586,61.659,0.19268,-87.927,-87.927,381.659,235.954,210.585,48.925,0.125,MOVING,FWD_CM:1.000,ACK:FWD_CM,-0.210,0.000,0.000,5.620,5.620,ACK:FWD_CM
POST_TURN_ALIGN_STEP,1,3,6,,3,0,0,,,0.000,0.571,1,61.596,1.153,-1.000,-0.020,0.000,3,TURN_R_DEG:90.000,0,15.000,25.000,1.000,8.000,,0,,49.119,746,1,1,3,0.571,61.596,0.19249,-88.122,-88.122,381.596,241.153,215.690,48.925,0.193,MOVING,FWD_CM:1.000,ACK:FWD_CM,-0.210,0.000,0.000,5.620,5.620,ACK:FWD_CM
POST_TURN_ALIGN_STEP,1,3,7,,3,0,0,,,0.000,0.562,1,60.703,30.762,-1.000,-0.020,0.000,3,TURN_R_DEG:90.000,0,15.000,25.000,1.000,8.000,,0,,49.182,747,1,1,3,0.562,60.703,0.18970,-87.821,-87.821,380.703,270.762,215.916,49.132,0.050,MOVING,FWD_CM:1.000,ACK:FWD_CM,0.390,0.000,0.000,5.610,5.610,"TEL:H=0.39,E=0.00,C=0.00,L=5.61,R=5.61,S=121,TS=272,T=0.00,TA=0,TGT=0.00,MR=6.00,MODE=FWD"
POST_TURN_ALIGN_STEP,1,3,8,,3,0,0,,,0.000,0.560,1,60.897,48.746,-1.000,-0.020,0.000,3,TURN_R_DEG:90.000,0,15.000,25.000,1.000,8.000,,0,,49.250,748,1,1,3,0.560,60.897,0.19030,-88.045,-88.045,380.897,288.746,217.363,49.132,0.118,MOVING,FWD_CM:1.000,ACK:FWD_CM,0.390,0.000,0.000,5.610,5.610,"TEL:H=0.39,E=0.00,C=0.00,L=5.61,R=5.61,S=121,TS=272,T=0.00,TA=0,TGT=0.00,MR=6.00,MODE=FWD"
POST_TURN_YAW_TURN,1,3,9,post_turn_yaw_fine_tune_turn_r_deg:2.142,3,0,1,,,0.000,0.553,1,60.473,79.116,-1.000,-0.020,0.000,3,TURN_R_DEG:90.000,0,15.000,25.000,1.000,8.000,,0,,49.319,749,1,1,3,0.553,60.473,0.18898,-87.858,-87.858,380.473,319.116,218.706,49.292,0.027,STOPPED,FWD_CM:1.000,EVT:MOVE_DONE,0.390,0.000,0.000,5.610,5.610,EVT:MOVE_DONE
POST_TURN_YAW_TURN,1,3,10,,3,0,0,,,0.000,0.560,1,60.444,96.713,-1.000,-0.020,0.000,3,TURN_R_DEG:90.000,0,15.000,25.000,1.000,8.000,,0,,49.387,750,1,1,3,0.560,60.444,0.18889,-87.999,-87.999,380.444,336.713,215.949,49.333,0.054,TURNING,TURN_R_DEG:2.142,ACK:TURN_R_DEG,0.390,0.000,0.000,5.610,5.610,ACK:TURN_R_DEG
POST_TURN_ALIGN_STEP,1,3,11,post_turn_xy_align_back_cm,3,1,1,-1.209,-1.209,0.000,0.564,1,60.454,89.660,-1.000,-0.020,0.000,3,TURN_R_DEG:90.000,0,15.000,25.000,1.000,8.000,,0,,49.451,751,1,1,3,0.564,60.454,0.18892,-88.494,-88.494,380.454,329.660,214.259,49.394,0.056,STOPPED,TURN_R_DEG:2.142,EVT:TURN_DONE,0.390,0.000,0.000,5.610,5.610,EVT:TURN_DONE
POST_TURN_ALIGN_STEP,1,3,12,,3,0,0,,,0.000,0.560,1,60.343,88.877,-1.000,-0.020,0.000,3,TURN_R_DEG:90.000,0,15.000,25.000,1.000,8.000,,0,,49.486,752,1,1,3,0.560,60.343,0.18857,-88.499,-88.499,380.343,328.877,215.389,49.462,0.024,MOVING,BACK_CM:1.000,ACK:BACK_CM,0.390,0.000,0.000,5.610,5.610,ACK:BACK_CM
POST_TURN_ALIGN_STEP,1,3,13,,3,0,0,,,0.000,0.558,1,60.242,95.601,-1.000,-0.020,0.000,3,TURN_R_DEG:90.000,0,15.000,25.000,1.000,8.000,,0,,49.554,753,1,1,3,0.558,60.242,0.18826,-88.309,-88.309,380.242,335.601,215.973,49.462,0.092,MOVING,BACK_CM:1.000,ACK:BACK_CM,0.390,0.000,0.000,5.610,5.610,ACK:BACK_CM
POST_TURN_ALIGN_STEP,1,3,14,,3,0,0,,,0.000,0.568,1,60.309,88.689,-1.000,-0.020,0.000,3,TURN_R_DEG:90.000,0,15.000,25.000,1.000,8.000,,0,,49.618,754,1,1,3,0.568,60.309,0.18846,-88.462,-88.462,380.309,328.689,212.263,49.462,0.156,MOVING,BACK_CM:1.000,ACK:BACK_CM,0.390,0.000,0.000,5.610,5.610,ACK:BACK_CM
POST_TURN_ALIGN_STEP,1,3,15,,3,0,0,,,0.000,0.569,1,60.089,71.296,-1.000,-0.020,0.000,3,TURN_R_DEG:90.000,0,15.000,25.000,1.000,8.000,,0,,49.686,755,1,1,3,0.569,60.089,0.18778,-88.676,-88.676,380.089,311.296,211.055,49.669,0.017,MOVING,BACK_CM:1.000,ACK:BACK_CM,-0.060,0.000,0.000,5.620,5.620,"TEL:H=-0.06,E=0.00,C=0.00,L=5.62,R=5.62,S=121,TS=272,T=0.00,TA=0,TGT=0.00,MR=6.00,MODE=BACK"
POST_TURN_ALIGN_STEP,1,3,16,,3,0,0,,,0.000,0.576,1,60.136,53.111,-1.000,-0.020,0.000,3,TURN_R_DEG:90.000,0,15.000,25.000,1.000,8.000,,0,,49.754,756,1,1,3,0.576,60.136,0.18792,-88.773,-88.773,380.136,293.111,208.981,49.669,0.085,MOVING,BACK_CM:1.000,ACK:BACK_CM,-0.060,0.000,0.000,5.620,5.620,"TEL:H=-0.06,E=0.00,C=0.00,L=5.62,R=5.62,S=121,TS=272,T=0.00,TA=0,TGT=0.00,MR=6.00,MODE=BACK"
POST_TURN_ALIGN_STEP,1,3,17,,3,0,0,,,0.000,0.582,1,60.121,25.750,-1.000,-0.020,0.000,3,TURN_R_DEG:90.000,0,15.000,25.000,1.000,8.000,,0,,49.822,757,1,1,3,0.582,60.121,0.18788,-88.774,-88.774,380.121,265.750,206.633,49.669,0.153,MOVING,BACK_CM:1.000,ACK:BACK_CM,-0.060,0.000,0.000,5.620,5.620,"TEL:H=-0.06,E=0.00,C=0.00,L=5.62,R=5.62,S=121,TS=272,T=0.00,TA=0,TGT=0.00,MR=6.00,MODE=BACK"
POST_TURN_ALIGN_STEP,1,3,18,post_turn_xy_align_fwd_cm,3,1,1,-1.204,-1.204,0.000,0.574,1,60.211,4.953,-1.000,-0.020,0.000,3,TURN_R_DEG:90.000,0,15.000,25.000,1.000,8.000,,0,,49.890,758,1,1,3,0.574,60.211,0.18816,-88.746,-88.746,380.211,244.953,209.678,49.828,0.062,STOPPED,BACK_CM:1.000,EVT:MOVE_DONE,-0.060,0.000,0.000,5.620,5.620,EVT:MOVE_DONE
POST_TURN_ALIGN_STEP,1,3,19,,3,0,0,,,0.000,0.569,1,60.807,5.279,-1.000,-0.020,0.000,3,TURN_R_DEG:90.000,0,15.000,25.000,1.000,8.000,,0,,49.954,759,1,1,3,0.569,60.807,0.19002,-88.445,-88.445,380.807,245.279,213.765,49.900,0.054,MOVING,FWD_CM:1.000,ACK:FWD_CM,-0.060,0.000,0.000,5.620,5.620,ACK:FWD_CM
POST_TURN_ALIGN_STEP,1,3,20,,3,0,0,,,0.000,0.570,1,60.648,18.366,-1.000,-0.020,0.000,3,TURN_R_DEG:90.000,0,15.000,25.000,1.000,8.000,,0,,50.022,760,1,1,3,0.570,60.648,0.18953,-88.159,-88.159,380.648,258.366,212.660,49.900,0.122,MOVING,FWD_CM:1.000,ACK:FWD_CM,-0.060,0.000,0.000,5.620,5.620,ACK:FWD_CM
POST_TURN_ALIGN_STEP,1,3,21,,3,0,0,,,0.000,0.559,1,60.590,28.186,-1.000,-0.020,0.000,3,TURN_R_DEG:90.000,0,15.000,25.000,1.000,8.000,,0,,50.090,761,1,1,3,0.559,60.590,0.18934,-88.526,-88.526,380.590,268.186,216.794,49.900,0.190,MOVING,FWD_CM:1.000,ACK:FWD_CM,-0.060,0.000,0.000,5.620,5.620,ACK:FWD_CM
POST_TURN_ALIGN_STEP,1,3,22,,3,0,0,,,0.000,0.551,1,59.575,57.171,-1.000,-0.020,0.000,3,TURN_R_DEG:90.000,0,15.000,25.000,1.000,8.000,,0,,50.158,762,1,1,3,0.551,59.575,0.18617,-88.277,-88.277,379.575,297.171,216.361,50.107,0.051,MOVING,FWD_CM:1.000,ACK:FWD_CM,0.160,0.000,0.000,5.610,5.610,"TEL:H=0.16,E=0.00,C=0.00,L=5.61,R=5.61,S=121,TS=272,T=0.00,TA=0,TGT=0.00,MR=6.00,MODE=FWD"
POST_TURN_ALIGN_STEP,1,3,23,,3,0,0,,,0.000,0.554,1,60.368,72.053,-1.000,-0.020,0.000,3,TURN_R_DEG:90.000,0,15.000,25.000,1.000,8.000,,0,,50.226,763,1,1,3,0.554,60.368,0.18865,-88.383,-88.383,380.368,312.053,217.916,50.107,0.119,MOVING,FWD_CM:1.000,ACK:FWD_CM,0.160,0.000,0.000,5.610,5.610,"TEL:H=0.16,E=0.00,C=0.00,L=5.61,R=5.61,S=121,TS=272,T=0.00,TA=0,TGT=0.00,MR=6.00,MODE=FWD"
POST_TURN_ALIGN_STEP,1,3,24,post_turn_xy_align_back_cm,3,1,1,-1.183,-1.183,0.000,0.540,1,59.146,99.095,-1.000,-0.020,0.000,3,TURN_R_DEG:90.000,0,15.000,25.000,1.000,8.000,,0,,50.290,764,1,1,3,0.540,59.146,0.18483,-88.005,-88.005,379.146,339.095,218.997,50.267,0.023,STOPPED,FWD_CM:1.000,EVT:MOVE_DONE,0.160,0.000,0.000,5.610,5.610,EVT:MOVE_DONE
POST_TURN_ALIGN_STEP,1,3,25,,3,0,0,,,0.000,0.550,1,59.304,112.340,-1.000,-0.020,0.000,3,TURN_R_DEG:90.000,0,15.000,25.000,1.000,8.000,,0,,50.358,765,1,1,3,0.550,59.304,0.18533,-87.934,-87.934,379.304,352.340,215.646,50.301,0.057,MOVING,BACK_CM:1.000,ACK:BACK_CM,0.160,0.000,0.000,5.610,5.610,ACK:BACK_CM
POST_TURN_ALIGN_STEP,1,3,26,,3,0,0,,,0.000,0.556,1,59.128,95.286,-1.000,-0.020,0.000,3,TURN_R_DEG:90.000,0,15.000,25.000,1.000,8.000,,0,,50.426,766,1,1,3,0.556,59.128,0.18477,-88.517,-88.517,379.128,335.286,212.744,50.301,0.125,MOVING,BACK_CM:1.000,ACK:BACK_CM,0.160,0.000,0.000,5.610,5.610,ACK:BACK_CM
POST_TURN_ALIGN_STEP,1,3,27,,3,0,0,,,0.000,0.553,1,58.908,90.753,-1.000,-0.020,0.000,3,TURN_R_DEG:90.000,0,15.000,25.000,1.000,8.000,,0,,50.494,767,1,1,3,0.553,58.908,0.18409,-88.316,-88.316,378.908,330.753,213.130,50.301,0.193,MOVING,BACK_CM:1.000,ACK:BACK_CM,0.160,0.000,0.000,5.610,5.610,ACK:BACK_CM
POST_TURN_ALIGN_STEP,1,3,28,,3,0,0,,,0.000,0.568,1,59.352,68.500,-1.000,-0.020,0.000,3,TURN_R_DEG:90.000,0,15.000,25.000,1.000,8.000,,0,,50.558,768,1,1,3,0.568,59.352,0.18548,-88.654,-88.654,379.352,308.500,208.867,50.509,0.049,MOVING,BACK_CM:1.000,ACK:BACK_CM,-0.420,0.000,0.000,5.610,5.610,"TEL:H=-0.42,E=0.00,C=0.00,L=5.61,R=5.61,S=121,TS=272,T=0.00,TA=0,TGT=0.00,MR=6.00,MODE=BACK"
POST_TURN_ALIGN_STEP,1,3,29,,3,0,0,,,0.000,0.564,1,59.138,48.066,-1.000,-0.020,0.000,3,TURN_R_DEG:90.000,0,15.000,25.000,1.000,8.000,,0,,50.626,769,1,1,3,0.564,59.138,0.18481,-88.605,-88.605,379.138,288.066,209.536,50.509,0.117,MOVING,BACK_CM:1.000,ACK:BACK_CM,-0.420,0.000,0.000,5.610,5.610,"TEL:H=-0.42,E=0.00,C=0.00,L=5.61,R=5.61,S=121,TS=272,T=0.00,TA=0,TGT=0.00,MR=6.00,MODE=BACK"
POST_TURN_ALIGN_STEP,1,3,30,post_turn_xy_align_fwd_cm,3,1,1,-1.189,-1.189,0.000,0.575,1,59.459,22.714,-1.000,-0.020,0.000,3,TURN_R_DEG:90.000,0,15.000,25.000,1.000,8.000,,0,,50.694,770,1,1,3,0.575,59.459,0.18581,-88.456,-88.456,379.459,262.714,206.765,50.668,0.026,STOPPED,BACK_CM:1.000,EVT:MOVE_DONE,-0.420,0.000,0.000,5.610,5.610,EVT:MOVE_DONE
POST_TURN_ALIGN_STEP,1,3,31,,3,0,0,,,0.000,0.565,1,59.820,8.041,-1.000,-0.020,0.000,3,TURN_R_DEG:90.000,0,15.000,25.000,1.000,8.000,,0,,50.762,771,1,1,3,0.565,59.820,0.18694,-88.343,-88.343,379.820,248.041,211.636,50.706,0.056,MOVING,FWD_CM:1.000,ACK:FWD_CM,-0.420,0.000,0.000,5.610,5.610,ACK:FWD_CM
POST_TURN_ALIGN_STEP,1,3,32,,3,0,0,,,0.000,0.575,1,60.652,6.970,-1.000,-0.020,0.000,3,TURN_R_DEG:90.000,0,15.000,25.000,1.000,8.000,,0,,50.830,772,1,1,3,0.575,60.652,0.18954,-87.408,-87.408,380.652,246.970,211.122,50.706,0.124,MOVING,FWD_CM:1.000,ACK:FWD_CM,-0.420,0.000,0.000,5.610,5.610,ACK:FWD_CM
POST_TURN_ALIGN_STEP,1,3,33,,3,0,0,,,0.000,0.553,1,59.920,17.292,-1.000,-0.020,0.000,3,TURN_R_DEG:90.000,0,15.000,25.000,1.000,8.000,,0,,50.894,773,1,1,3,0.553,59.920,0.18725,-87.948,-87.948,379.920,257.292,216.687,50.706,0.188,MOVING,FWD_CM:1.000,ACK:FWD_CM,-0.420,0.000,0.000,5.610,5.610,ACK:FWD_CM
POST_TURN_ALIGN_STEP,1,3,34,,3,0,0,,,0.000,0.550,1,59.445,47.967,-1.000,-0.020,0.000,3,TURN_R_DEG:90.000,0,15.000,25.000,1.000,8.000,,0,,50.962,774,1,1,3,0.550,59.445,0.18577,-87.873,-87.873,379.445,287.967,216.066,50.914,0.048,MOVING,FWD_CM:1.000,ACK:FWD_CM,0.490,0.530,-0.530,6.140,5.080,"TEL:H=0.49,E=0.53,C=-0.53,L=6.14,R=5.08,S=121,TS=272,T=0.00,TA=0,TGT=0.00,MR=6.00,MODE=FWD"
POST_TURN_ALIGN_STEP,1,3,35,,3,0,0,,,0.000,0.544,1,59.364,66.179,-1.000,-0.020,0.000,3,TURN_R_DEG:90.000,0,15.000,25.000,1.000,8.000,,0,,51.030,775,1,1,3,0.544,59.364,0.18551,-88.066,-88.066,379.364,306.179,218.315,50.914,0.116,MOVING,FWD_CM:1.000,ACK:FWD_CM,0.490,0.530,-0.530,6.140,5.080,"TEL:H=0.49,E=0.53,C=-0.53,L=6.14,R=5.08,S=121,TS=272,T=0.00,TA=0,TGT=0.00,MR=6.00,MODE=FWD"
POST_TURN_YAW_TURN,1,3,36,post_turn_yaw_fine_tune_turn_r_deg:2.050,3,0,1,,,0.000,0.536,1,58.869,99.241,-1.000,-0.020,0.000,3,TURN_R_DEG:90.000,0,15.000,25.000,1.000,8.000,,0,,51.098,776,1,1,3,0.536,58.869,0.18397,-87.950,-87.950,378.869,339.241,219.756,51.074,0.024,STOPPED,FWD_CM:1.000,EVT:MOVE_DONE,0.490,0.530,-0.530,6.140,5.080,EVT:MOVE_DONE
POST_TURN_ALIGN_STEP,1,3,1,post_turn_xy_align_back_cm,3,1,1,-1.169,-1.169,0.000,0.547,1,58.451,112.898,-1.000,-0.020,0.000,3,TURN_R_DEG:90.000,0,15.000,25.000,1.000,8.000,,0,,51.198,778,1,1,3,0.547,58.451,0.18266,-88.294,-88.294,378.451,352.898,213.558,51.170,0.028,STOPPED,TURN_R_DEG:2.050,EVT:TURN_DONE,0.490,0.530,-0.530,6.140,5.080,EVT:TURN_DONE
POST_TURN_ALIGN_STEP,1,3,2,,3,0,0,,,0.000,0.545,1,58.856,105.294,-1.000,-0.020,0.000,3,TURN_R_DEG:90.000,0,15.000,25.000,1.000,8.000,,0,,51.266,779,1,1,3,0.545,58.856,0.18393,-88.470,-88.470,378.856,345.294,215.830,51.211,0.055,MOVING,BACK_CM:1.000,ACK:BACK_CM,0.490,0.530,-0.530,6.140,5.080,ACK:BACK_CM
POST_TURN_ALIGN_STEP,1,3,3,,3,0,0,,,0.000,0.545,1,58.696,108.394,-1.000,-0.020,0.000,3,TURN_R_DEG:90.000,0,15.000,25.000,1.000,8.000,,0,,51.330,780,1,1,3,0.545,58.696,0.18342,-88.385,-88.385,378.696,348.394,215.486,51.211,0.119,MOVING,BACK_CM:1.000,ACK:BACK_CM,0.490,0.530,-0.530,6.140,5.080,ACK:BACK_CM
POST_TURN_ALIGN_STEP,1,3,4,,3,0,0,,,0.000,0.558,1,58.756,94.733,-1.000,-0.020,0.000,3,TURN_R_DEG:90.000,0,15.000,25.000,1.000,8.000,,0,,51.398,781,1,1,3,0.558,58.756,0.18361,-88.555,-88.555,378.756,334.733,210.508,51.211,0.187,MOVING,BACK_CM:1.000,ACK:BACK_CM,0.490,0.530,-0.530,6.140,5.080,ACK:BACK_CM
POST_TURN_ALIGN_STEP,1,3,5,,3,0,0,,,0.000,0.560,1,58.652,70.400,-1.000,-0.020,0.000,3,TURN_R_DEG:90.000,0,15.000,25.000,1.000,8.000,,0,,51.466,782,1,1,3,0.560,58.652,0.18329,-88.476,-88.476,378.652,310.400,209.502,51.421,0.045,MOVING,BACK_CM:1.000,ACK:BACK_CM,-0.180,0.000,0.000,6.000,6.000,"TEL:H=-0.18,E=0.00,C=0.00,L=6.00,R=6.00,S=123,TS=272,T=0.00,TA=0,TGT=0.00,MR=6.00,MODE=BACK"
POST_TURN_ALIGN_STEP,1,3,6,,3,0,0,,,0.000,0.566,1,58.860,46.195,-1.000,-0.020,0.000,3,TURN_R_DEG:90.000,0,15.000,25.000,1.000,8.000,,0,,51.534,783,1,1,3,0.566,58.860,0.18394,-88.469,-88.469,378.860,286.195,207.869,51.421,0.113,MOVING,BACK_CM:1.000,ACK:BACK_CM,-0.180,0.000,0.000,6.000,6.000,"TEL:H=-0.18,E=0.00,C=0.00,L=6.00,R=6.00,S=123,TS=272,T=0.00,TA=0,TGT=0.00,MR=6.00,MODE=BACK"
POST_TURN_ALIGN_STEP,1,3,7,post_turn_xy_align_fwd_cm,3,1,1,-1.179,-1.179,0.000,0.568,1,58.971,20.434,-1.000,-0.020,0.000,3,TURN_R_DEG:90.000,0,15.000,25.000,1.000,8.000,,0,,51.602,784,1,1,3,0.568,58.971,0.18428,-88.548,-88.548,378.971,260.434,207.642,51.575,0.027,STOPPED,BACK_CM:1.000,EVT:MOVE_DONE,-0.180,0.000,0.000,6.000,6.000,EVT:MOVE_DONE
POST_TURN_ALIGN_STEP,1,3,8,,3,0,0,,,0.000,0.557,1,59.431,11.203,-1.000,-0.020,0.000,3,TURN_R_DEG:90.000,0,15.000,25.000,1.000,8.000,,0,,51.666,785,1,1,3,0.557,59.431,0.18572,-88.274,-88.274,379.431,251.203,213.546,51.612,0.054,MOVING,FWD_CM:1.000,ACK:FWD_CM,-0.180,0.000,0.000,6.000,6.000,ACK:FWD_CM
POST_TURN_ALIGN_STEP,1,3,1,,3,0,0,,,0.000,0.545,1,58.938,36.552,-1.000,-0.020,0.000,3,TURN_R_DEG:90.000,0,15.000,25.000,1.000,8.000,,0,,51.802,787,1,1,3,0.545,58.938,0.18418,-88.356,-88.356,378.938,276.552,216.336,51.612,0.190,MOVING,FWD_CM:1.000,ACK:FWD_CM,-0.180,0.000,0.000,6.000,6.000,ACK:FWD_CM
POST_TURN_ALIGN_STEP,1,3,2,,3,0,0,,,0.000,0.539,1,58.751,71.933,-1.000,-0.020,0.000,3,TURN_R_DEG:90.000,0,15.000,25.000,1.000,8.000,,0,,51.870,788,1,1,3,0.539,58.751,0.18360,-88.324,-88.324,378.751,311.933,218.036,51.822,0.048,MOVING,FWD_CM:1.000,ACK:FWD_CM,0.170,0.000,0.000,5.610,5.610,"TEL:H=0.17,E=0.00,C=0.00,L=5.61,R=5.61,S=121,TS=272,T=0.00,TA=0,TGT=0.00,MR=6.00,MODE=FWD"
POST_TURN_ALIGN_STEP,1,3,3,,3,0,0,,,0.000,0.536,1,58.532,89.463,-1.000,-0.020,0.000,3,TURN_R_DEG:90.000,0,15.000,25.000,1.000,8.000,,0,,51.938,789,1,1,3,0.536,58.532,0.18291,-88.400,-88.400,378.532,329.463,218.391,51.822,0.116,MOVING,FWD_CM:1.000,ACK:FWD_CM,0.170,0.000,0.000,5.610,5.610,"TEL:H=0.17,E=0.00,C=0.00,L=5.61,R=5.61,S=121,TS=272,T=0.00,TA=0,TGT=0.00,MR=6.00,MODE=FWD"
POST_TURN_ALIGN_STEP,1,3,4,post_turn_xy_align_back_cm,3,1,1,-1.155,-1.155,0.000,0.525,1,57.755,118.392,-1.000,-0.020,0.000,3,TURN_R_DEG:90.000,0,15.000,25.000,1.000,8.000,,0,,52.002,790,1,1,3,0.525,57.755,0.18048,-88.224,-88.224,377.755,358.392,220.071,51.979,0.023,STOPPED,FWD_CM:1.000,EVT:MOVE_DONE,0.170,0.000,0.000,5.610,5.610,EVT:MOVE_DONE
POST_TURN_ALIGN_STEP,1,3,1,,3,0,0,,,0.000,0.547,1,57.958,117.343,-1.000,-0.020,0.000,3,TURN_R_DEG:90.000,0,15.000,25.000,1.000,8.000,,0,,52.138,792,1,1,3,0.547,57.958,0.18112,-88.961,-88.961,377.958,357.343,212.014,52.013,0.125,MOVING,BACK_CM:1.000,ACK:BACK_CM,0.170,0.000,0.000,5.610,5.610,ACK:BACK_CM
POST_TURN_ALIGN_STEP,1,3,2,,3,0,0,,,0.000,0.540,1,57.854,110.373,-1.000,-0.020,0.000,3,TURN_R_DEG:90.000,0,15.000,25.000,1.000,8.000,,0,,52.206,793,1,1,3,0.540,57.854,0.18079,-88.686,-88.686,377.854,350.373,214.338,52.013,0.193,MOVING,BACK_CM:1.000,ACK:BACK_CM,0.170,0.000,0.000,5.610,5.610,ACK:BACK_CM
POST_TURN_ALIGN_STEP,1,3,3,,3,0,0,,,0.000,0.557,1,57.796,86.149,-1.000,-0.020,0.000,3,TURN_R_DEG:90.000,0,15.000,25.000,1.000,8.000,,0,,52.270,794,1,1,3,0.557,57.796,0.18061,-88.727,-88.727,377.796,326.149,207.686,52.221,0.049,MOVING,BACK_CM:1.000,ACK:BACK_CM,-0.560,-0.590,-0.590,6.210,5.020,"TEL:H=-0.56,E=-0.59,C=-0.59,L=6.21,R=5.02,S=121,TS=272,T=0.00,TA=0,TGT=0.00,MR=6.00,MODE=BACK"
POST_TURN_ALIGN_STEP,1,3,4,,3,0,0,,,0.000,0.550,1,57.799,59.483,-1.000,-0.020,0.000,3,TURN_R_DEG:90.000,0,15.000,25.000,1.000,8.000,,0,,52.338,795,1,1,3,0.550,57.799,0.18062,-88.605,-88.605,377.799,299.483,210.000,52.221,0.117,MOVING,BACK_CM:1.000,ACK:BACK_CM,-0.560,-0.590,-0.590,6.210,5.020,"TEL:H=-0.56,E=-0.59,C=-0.59,L=6.21,R=5.02,S=121,TS=272,T=0.00,TA=0,TGT=0.00,MR=6.00,MODE=BACK"
POST_TURN_ALIGN_STEP,1,3,5,post_turn_xy_align_back_cm,3,1,1,-1.162,-1.162,0.000,0.557,1,58.089,39.147,-1.000,-0.020,0.000,3,TURN_R_DEG:90.000,0,15.000,25.000,1.000,8.000,,0,,52.406,796,1,1,3,0.557,58.089,0.18153,-88.591,-88.591,378.089,279.147,208.563,52.380,0.026,STOPPED,BACK_CM:1.000,EVT:MOVE_DONE,-0.560,-0.590,-0.590,6.210,5.020,EVT:MOVE_DONE
POST_TURN_ALIGN_STEP,1,3,6,,3,0,0,,,0.000,0.542,1,58.103,30.603,-1.000,-0.020,0.000,3,TURN_R_DEG:90.000,0,15.000,25.000,1.000,8.000,,0,,52.474,797,1,1,3,0.542,58.103,0.18157,-88.524,-88.524,378.103,270.603,214.277,52.418,0.056,MOVING,BACK_CM:1.000,ACK:BACK_CM,-0.560,-0.590,-0.590,6.210,5.020,ACK:BACK_CM
POST_TURN_ALIGN_STEP,1,3,7,,3,0,0,,,0.000,0.548,1,58.158,43.376,-1.000,-0.020,0.000,3,TURN_R_DEG:90.000,0,15.000,25.000,1.000,8.000,,0,,52.542,798,1,1,3,0.548,58.158,0.18175,-88.525,-88.525,378.158,283.376,212.159,52.418,0.124,MOVING,BACK_CM:1.000,ACK:BACK_CM,-0.560,-0.590,-0.590,6.210,5.020,ACK:BACK_CM
POST_TURN_ALIGN_STEP,1,3,8,,3,0,0,,,0.000,0.567,1,58.279,19.298,-1.000,-0.020,0.000,3,TURN_R_DEG:90.000,0,15.000,25.000,1.000,8.000,,0,,52.606,799,1,1,3,0.567,58.279,0.18212,-88.510,-88.510,378.279,259.298,205.626,52.418,0.188,MOVING,BACK_CM:1.000,ACK:BACK_CM,-0.560,-0.590,-0.590,6.210,5.020,ACK:BACK_CM
POST_TURN_ALIGN_STEP,1,3,9,,3,0,0,,,0.000,0.562,1,58.500,-1.520,-1.000,-0.020,0.000,3,TURN_R_DEG:90.000,0,15.000,25.000,1.000,8.000,,0,,52.674,800,1,1,3,0.562,58.500,0.18281,-88.581,-88.581,378.500,238.480,208.292,52.630,0.044,MOVING,BACK_CM:1.000,ACK:BACK_CM,0.090,0.000,0.000,6.000,6.000,"TEL:H=0.09,E=0.00,C=0.00,L=6.00,R=6.00,S=123,TS=272,T=0.00,TA=0,TGT=0.00,MR=6.00,MODE=BACK"
POST_TURN_ALIGN_STEP,1,3,10,,3,0,0,,,0.000,0.579,1,58.792,-27.376,-1.000,-0.020,0.000,3,TURN_R_DEG:90.000,0,15.000,25.000,1.000,8.000,,0,,52.742,801,1,1,3,0.579,58.792,0.18372,-88.563,-88.563,378.792,212.624,203.034,52.630,0.112,MOVING,BACK_CM:1.000,ACK:BACK_CM,0.090,0.000,0.000,6.000,6.000,"TEL:H=0.09,E=0.00,C=0.00,L=6.00,R=6.00,S=123,TS=272,T=0.00,TA=0,TGT=0.00,MR=6.00,MODE=BACK"
POST_TURN_ALIGN_STEP,1,3,11,post_turn_xy_align_fwd_cm,3,1,1,-1.180,-1.180,0.000,0.573,1,59.012,-53.600,-1.000,-0.020,0.000,3,TURN_R_DEG:90.000,0,15.000,25.000,1.000,8.000,,0,,52.810,802,1,1,3,0.573,59.012,0.18441,-88.550,-88.550,379.012,186.400,205.833,52.782,0.028,STOPPED,BACK_CM:1.000,EVT:MOVE_DONE,0.090,0.000,0.000,6.000,6.000,EVT:MOVE_DONE
POST_TURN_ALIGN_STEP,1,3,12,,3,0,0,,,0.000,0.561,1,59.128,-60.652,-1.000,-0.020,0.000,3,TURN_R_DEG:90.000,0,15.000,25.000,1.000,8.000,,0,,52.874,803,1,1,3,0.561,59.128,0.18478,-88.569,-88.569,379.128,179.348,210.880,52.820,0.054,MOVING,FWD_CM:1.000,ACK:FWD_CM,0.090,0.000,0.000,6.000,6.000,ACK:FWD_CM
POST_TURN_ALIGN_STEP,1,3,13,,3,0,0,,,0.000,0.555,1,59.306,-48.655,-1.000,-0.020,0.000,3,TURN_R_DEG:90.000,0,15.000,25.000,1.000,8.000,,0,,52.910,804,1,1,3,0.555,59.306,0.18533,-88.455,-88.455,379.306,191.345,213.693,52.820,0.090,MOVING,FWD_CM:1.000,ACK:FWD_CM,0.090,0.000,0.000,6.000,6.000,ACK:FWD_CM
POST_TURN_ALIGN_STEP,1,3,14,,3,0,0,,,0.000,0.572,1,59.568,-40.780,-1.000,-0.020,0.000,3,TURN_R_DEG:90.000,0,15.000,25.000,1.000,8.000,,0,,52.978,805,1,1,3,0.572,59.568,0.18615,-88.223,-88.223,379.568,199.220,208.408,52.820,0.158,MOVING,FWD_CM:1.000,ACK:FWD_CM,0.090,0.000,0.000,6.000,6.000,ACK:FWD_CM
POST_TURN_ALIGN_STEP,1,3,15,,3,0,0,,,0.000,0.542,1,58.781,-18.368,-1.000,-0.020,0.000,3,TURN_R_DEG:90.000,0,15.000,25.000,1.000,8.000,,0,,53.042,806,1,1,3,0.542,58.781,0.18369,-88.366,-88.366,378.781,221.632,216.711,53.028,0.014,MOVING,FWD_CM:1.000,ACK:FWD_CM,0.150,0.000,0.000,5.610,5.610,"TEL:H=0.15,E=0.00,C=0.00,L=5.61,R=5.61,S=121,TS=272,T=0.00,TA=0,TGT=0.00,MR=6.00,MODE=FWD"
POST_TURN_ALIGN_STEP,1,3,16,,3,0,0,,,0.000,0.549,1,58.350,6.653,-1.000,-0.020,0.000,3,TURN_R_DEG:90.000,0,15.000,25.000,1.000,8.000,,0,,53.110,807,1,1,3,0.549,58.350,0.18234,-88.326,-88.326,378.350,246.653,212.718,53.028,0.082,MOVING,FWD_CM:1.000,ACK:FWD_CM,0.150,0.000,0.000,5.610,5.610,"TEL:H=0.15,E=0.00,C=0.00,L=5.61,R=5.61,S=121,TS=272,T=0.00,TA=0,TGT=0.00,MR=6.00,MODE=FWD"
POST_TURN_ALIGN_STEP,1,3,17,,3,0,0,,,0.000,0.532,1,58.047,30.262,-1.000,-0.020,0.000,3,TURN_R_DEG:90.000,0,15.000,25.000,1.000,8.000,,0,,53.178,808,1,1,3,0.532,58.047,0.18140,-88.460,-88.460,378.047,270.262,218.143,53.028,0.150,MOVING,FWD_CM:1.000,ACK:FWD_CM,0.150,0.000,0.000,5.610,5.610,"TEL:H=0.15,E=0.00,C=0.00,L=5.61,R=5.61,S=121,TS=272,T=0.00,TA=0,TGT=0.00,MR=6.00,MODE=FWD"
POST_TURN_ALIGN_STEP,1,3,18,post_turn_xy_align_back_cm,3,1,1,-1.154,-1.154,0.000,0.529,1,57.720,65.326,-1.000,-0.020,0.000,3,TURN_R_DEG:90.000,0,15.000,25.000,1.000,8.000,,0,,53.246,809,1,1,3,0.529,57.720,0.18038,-88.397,-88.397,377.720,305.326,218.035,53.187,0.059,STOPPED,FWD_CM:1.000,EVT:MOVE_DONE,0.150,0.000,0.000,5.610,5.610,EVT:MOVE_DONE
POST_TURN_ALIGN_STEP,1,3,19,,3,0,0,,,0.000,0.518,1,56.928,91.248,-1.000,-0.020,0.000,3,TURN_R_DEG:90.000,0,15.000,25.000,1.000,8.000,,0,,53.314,810,1,1,3,0.518,56.928,0.17790,-88.434,-88.434,376.928,331.248,219.979,53.257,0.057,MOVING,BACK_CM:1.000,ACK:BACK_CM,0.150,0.000,0.000,5.610,5.610,ACK:BACK_CM
POST_TURN_ALIGN_STEP,1,3,1,,3,0,0,,,0.000,0.539,1,56.814,106.426,-1.000,-0.020,0.000,3,TURN_R_DEG:90.000,0,15.000,25.000,1.000,8.000,,0,,53.446,812,1,1,3,0.539,56.814,0.17754,-88.932,-88.932,376.814,346.426,210.747,53.257,0.189,MOVING,BACK_CM:1.000,ACK:BACK_CM,0.150,0.000,0.000,5.610,5.610,ACK:BACK_CM
POST_TURN_ALIGN_STEP,1,3,1,,3,0,0,,,0.000,0.551,1,56.801,65.853,-1.000,-0.020,0.000,3,TURN_R_DEG:90.000,0,15.000,25.000,1.000,8.000,,0,,53.582,814,1,1,3,0.551,56.801,0.17750,-88.889,-88.889,376.801,305.853,206.313,53.465,0.117,MOVING,BACK_CM:1.000,ACK:BACK_CM,-0.660,-0.570,-0.570,6.180,5.050,"TEL:H=-0.66,E=-0.57,C=-0.57,L=6.18,R=5.05,S=121,TS=272,T=0.00,TA=0,TGT=0.00,MR=6.00,MODE=BACK"
POST_TURN_ALIGN_STEP,1,3,2,post_turn_xy_align_back_cm,3,1,1,-1.136,-1.136,0.000,0.540,1,56.798,40.525,-1.000,-0.020,0.000,3,TURN_R_DEG:90.000,0,15.000,25.000,1.000,8.000,,0,,53.646,815,1,1,3,0.540,56.798,0.17749,-88.835,-88.835,376.798,280.525,210.297,53.624,0.022,STOPPED,BACK_CM:1.000,EVT:MOVE_DONE,-0.660,-0.570,-0.570,6.180,5.050,EVT:MOVE_DONE
POST_TURN_ALIGN_STEP,1,3,3,,3,0,0,,,0.000,0.537,1,57.040,36.760,-1.000,-0.020,0.000,3,TURN_R_DEG:90.000,0,15.000,25.000,1.000,8.000,,0,,53.683,816,1,1,3,0.537,57.040,0.17825,-88.758,-88.758,377.040,276.760,212.405,53.657,0.026,MOVING,BACK_CM:1.000,ACK:BACK_CM,-0.660,-0.570,-0.570,6.180,5.050,ACK:BACK_CM
POST_TURN_ALIGN_STEP,1,3,4,,3,0,0,,,0.000,0.531,1,56.876,47.573,-1.000,-0.020,0.000,3,TURN_R_DEG:90.000,0,15.000,25.000,1.000,8.000,,0,,53.750,817,1,1,3,0.531,56.876,0.17774,-88.756,-88.756,376.876,287.573,214.330,53.657,0.093,MOVING,BACK_CM:1.000,ACK:BACK_CM,-0.660,-0.570,-0.570,6.180,5.050,ACK:BACK_CM
POST_TURN_ALIGN_STEP,1,3,5,,3,0,0,,,0.000,0.548,1,57.004,36.889,-1.000,-0.020,0.000,3,TURN_R_DEG:90.000,0,15.000,25.000,1.000,8.000,,0,,53.814,818,1,1,3,0.548,57.004,0.17814,-88.699,-88.699,377.004,276.889,207.898,53.657,0.157,MOVING,BACK_CM:1.000,ACK:BACK_CM,-0.660,-0.570,-0.570,6.180,5.050,ACK:BACK_CM
POST_TURN_ALIGN_STEP,1,3,6,,3,0,0,,,0.000,0.553,1,57.404,11.276,-1.000,-0.020,0.000,3,TURN_R_DEG:90.000,0,15.000,25.000,1.000,8.000,,0,,53.882,819,1,1,3,0.553,57.404,0.17939,-88.700,-88.700,377.404,251.276,207.557,53.864,0.018,MOVING,BACK_CM:1.000,ACK:BACK_CM,0.160,0.000,0.000,5.610,5.610,"TEL:H=0.16,E=0.00,C=0.00,L=5.61,R=5.61,S=121,TS=272,T=0.00,TA=0,TGT=0.00,MR=6.00,MODE=BACK"
POST_TURN_ALIGN_STEP,1,3,7,,3,0,0,,,0.000,0.558,1,57.350,-8.490,-1.000,-0.020,0.000,3,TURN_R_DEG:90.000,0,15.000,25.000,1.000,8.000,,0,,53.950,820,1,1,3,0.558,57.350,0.17922,-88.728,-88.728,377.350,231.510,205.635,53.864,0.086,MOVING,BACK_CM:1.000,ACK:BACK_CM,0.160,0.000,0.000,5.610,5.610,"TEL:H=0.16,E=0.00,C=0.00,L=5.61,R=5.61,S=121,TS=272,T=0.00,TA=0,TGT=0.00,MR=6.00,MODE=BACK"
POST_TURN_ALIGN_STEP,1,3,8,,3,0,0,,,0.000,0.568,1,58.030,-38.157,-1.000,-0.020,0.000,3,TURN_R_DEG:90.000,0,15.000,25.000,1.000,8.000,,0,,54.018,821,1,1,3,0.568,58.030,0.18134,-88.655,-88.655,378.030,201.843,204.385,53.864,0.154,MOVING,BACK_CM:1.000,ACK:BACK_CM,0.160,0.000,0.000,5.610,5.610,"TEL:H=0.16,E=0.00,C=0.00,L=5.61,R=5.61,S=121,TS=272,T=0.00,TA=0,TGT=0.00,MR=6.00,MODE=BACK"
POST_TURN_ALIGN_STEP,1,3,9,post_turn_xy_align_fwd_cm,3,1,1,-1.157,-1.157,0.000,0.559,1,57.859,-56.724,-1.000,-0.020,0.000,3,TURN_R_DEG:90.000,0,15.000,25.000,1.000,8.000,,0,,54.086,822,1,1,3,0.559,57.859,0.18081,-88.775,-88.775,377.859,183.276,207.127,54.023,0.063,STOPPED,BACK_CM:1.000,EVT:MOVE_DONE,0.160,0.000,0.000,5.610,5.610,EVT:MOVE_DONE
POST_TURN_ALIGN_STEP,1,3,10,,3,0,0,,,0.000,0.544,1,57.537,-57.320,-1.000,-0.020,0.000,3,TURN_R_DEG:90.000,0,15.000,25.000,1.000,8.000,,0,,54.150,823,1,1,3,0.544,57.537,0.17980,-88.807,-88.807,377.537,182.680,211.401,54.096,0.054,MOVING,FWD_CM:1.000,ACK:FWD_CM,0.160,0.000,0.000,5.610,5.610,ACK:FWD_CM
POST_TURN_ALIGN_STEP,1,3,1,,3,0,0,,,0.000,0.541,1,57.424,-30.522,-1.000,-0.020,0.000,3,TURN_R_DEG:90.000,0,15.000,25.000,1.000,8.000,,0,,54.286,825,1,1,3,0.541,57.424,0.17945,-88.579,-88.579,377.424,209.478,212.421,54.096,0.190,MOVING,FWD_CM:1.000,ACK:FWD_CM,0.160,0.000,0.000,5.610,5.610,ACK:FWD_CM
POST_TURN_ALIGN_STEP,1,3,2,,3,0,0,,,0.000,0.527,1,56.803,7.797,-1.000,-0.020,0.000,3,TURN_R_DEG:90.000,0,15.000,25.000,1.000,8.000,,0,,54.354,826,1,1,3,0.527,56.803,0.17751,-88.547,-88.547,376.803,247.797,215.639,54.306,0.048,MOVING,FWD_CM:1.000,ACK:FWD_CM,0.120,0.000,0.000,6.000,6.000,"TEL:H=0.12,E=0.00,C=0.00,L=6.00,R=6.00,S=123,TS=272,T=0.00,TA=0,TGT=0.00,MR=6.00,MODE=FWD"
POST_TURN_ALIGN_STEP,1,3,3,,3,0,0,,,0.000,0.526,1,56.623,21.307,-1.000,-0.020,0.000,3,TURN_R_DEG:90.000,0,15.000,25.000,1.000,8.000,,0,,54.422,827,1,1,3,0.526,56.623,0.17695,-88.693,-88.693,376.623,261.307,215.469,54.306,0.116,MOVING,FWD_CM:1.000,ACK:FWD_CM,0.120,0.000,0.000,6.000,6.000,"TEL:H=0.12,E=0.00,C=0.00,L=6.00,R=6.00,S=123,TS=272,T=0.00,TA=0,TGT=0.00,MR=6.00,MODE=FWD"
POST_TURN_ALIGN_STEP,1,3,4,post_turn_xy_align_back_cm,3,1,1,-1.126,-1.126,0.000,0.515,1,56.304,57.733,-1.000,-0.020,0.000,3,TURN_R_DEG:90.000,0,15.000,25.000,1.000,8.000,,0,,54.486,828,1,1,3,0.515,56.304,0.17595,-88.634,-88.634,376.304,297.733,218.701,54.461,0.026,STOPPED,FWD_CM:1.000,EVT:MOVE_DONE,0.120,0.000,0.000,6.000,6.000,EVT:MOVE_DONE
POST_TURN_ALIGN_STEP,1,3,5,,3,0,0,,,0.000,0.509,1,55.747,86.866,-1.000,-0.020,0.000,3,TURN_R_DEG:90.000,0,15.000,25.000,1.000,8.000,,0,,54.554,829,1,1,3,0.509,55.747,0.17421,-88.652,-88.652,375.747,326.866,219.014,54.498,0.057,MOVING,BACK_CM:1.000,ACK:BACK_CM,0.120,0.000,0.000,6.000,6.000,ACK:BACK_CM
POST_TURN_ALIGN_STEP,1,3,6,,3,0,0,,,0.000,0.507,1,55.284,120.020,-1.000,-0.020,0.000,3,TURN_R_DEG:90.000,0,15.000,25.000,1.000,8.000,,0,,54.623,830,1,1,3,0.507,55.284,0.17276,-88.605,-88.605,375.284,360.020,218.209,54.498,0.125,MOVING,BACK_CM:1.000,ACK:BACK_CM,0.120,0.000,0.000,6.000,6.000,ACK:BACK_CM
POST_TURN_ALIGN_STEP,1,3,7,,3,0,0,,,0.000,0.525,1,55.518,109.990,-1.000,-0.020,0.000,3,TURN_R_DEG:90.000,0,15.000,25.000,1.000,8.000,,0,,54.691,831,1,1,3,0.525,55.518,0.17349,-89.273,-89.273,375.518,349.990,211.528,54.498,0.193,MOVING,BACK_CM:1.000,ACK:BACK_CM,0.120,0.000,0.000,6.000,6.000,ACK:BACK_CM
POST_TURN_ALIGN_STEP,1,3,8,,3,0,0,,,0.000,0.518,1,55.331,97.638,-1.000,-0.020,0.000,3,TURN_R_DEG:90.000,0,15.000,25.000,1.000,8.000,,0,,54.755,832,1,1,3,0.518,55.331,0.17291,-89.377,-89.377,375.331,337.638,213.626,54.705,0.049,MOVING,BACK_CM:1.000,ACK:BACK_CM,-0.790,-0.670,-0.670,6.290,4.940,"TEL:H=-0.79,E=-0.67,C=-0.67,L=6.29,R=4.94,S=121,TS=272,T=0.00,TA=0,TGT=0.00,MR=6.00,MODE=BACK"
POST_TURN_ALIGN_STEP,1,3,9,,3,0,0,,,0.000,0.535,1,55.346,74.304,-1.000,-0.020,0.000,3,TURN_R_DEG:90.000,0,15.000,25.000,1.000,8.000,,0,,54.823,833,1,1,3,0.535,55.346,0.17296,-89.473,-89.473,375.346,314.304,206.710,54.705,0.117,MOVING,BACK_CM:1.000,ACK:BACK_CM,-0.790,-0.670,-0.670,6.290,4.940,"TEL:H=-0.79,E=-0.67,C=-0.67,L=6.29,R=4.94,S=121,TS=272,T=0.00,TA=0,TGT=0.00,MR=6.00,MODE=BACK"
POST_TURN_ALIGN_STEP,1,3,10,post_turn_xy_align_back_cm,3,1,1,-1.112,-1.112,0.000,0.530,1,55.595,45.501,-1.000,-0.020,0.000,3,TURN_R_DEG:90.000,0,15.000,25.000,1.000,8.000,,0,,54.891,834,1,1,3,0.530,55.595,0.17373,-89.342,-89.342,375.595,285.501,209.729,54.864,0.027,STOPPED,BACK_CM:1.000,EVT:MOVE_DONE,-0.790,-0.670,-0.670,6.290,4.940,EVT:MOVE_DONE
POST_TURN_ALIGN_STEP,1,3,11,,3,0,0,,,0.000,0.525,1,55.980,38.801,-1.000,-0.020,0.000,3,TURN_R_DEG:90.000,0,15.000,25.000,1.000,8.000,,0,,54.959,835,1,1,3,0.525,55.980,0.17494,-89.078,-89.078,375.980,278.801,213.357,54.903,0.055,MOVING,BACK_CM:1.000,ACK:BACK_CM,-0.790,-0.670,-0.670,6.290,4.940,ACK:BACK_CM
POST_TURN_ALIGN_STEP,1,3,12,,3,0,0,,,0.000,0.534,1,56.270,33.404,-1.000,-0.020,0.000,3,TURN_R_DEG:90.000,0,15.000,25.000,1.000,8.000,,0,,55.027,836,1,1,3,0.534,56.270,0.17585,-88.500,-88.500,376.270,273.404,210.778,54.903,0.123,MOVING,BACK_CM:1.000,ACK:BACK_CM,-0.790,-0.670,-0.670,6.290,4.940,ACK:BACK_CM
POST_TURN_ALIGN_STEP,1,3,13,,3,0,0,,,0.000,0.546,1,56.397,16.451,-1.000,-0.020,0.000,3,TURN_R_DEG:90.000,0,15.000,25.000,1.000,8.000,,0,,55.091,837,1,1,3,0.546,56.397,0.17624,-88.758,-88.758,376.397,256.451,206.755,54.903,0.187,MOVING,BACK_CM:1.000,ACK:BACK_CM,-0.790,-0.670,-0.670,6.290,4.940,ACK:BACK_CM
POST_TURN_ALIGN_STEP,1,3,14,,3,0,0,,,0.000,0.549,1,56.761,-9.087,-1.000,-0.020,0.000,3,TURN_R_DEG:90.000,0,15.000,25.000,1.000,8.000,,0,,55.159,838,1,1,3,0.549,56.761,0.17738,-88.714,-88.714,376.761,230.913,206.876,55.114,0.044,MOVING,BACK_CM:1.000,ACK:BACK_CM,0.450,0.000,0.000,5.620,5.620,"TEL:H=0.45,E=0.00,C=0.00,L=5.62,R=5.62,S=121,TS=272,T=0.00,TA=0,TGT=0.00,MR=6.00,MODE=BACK"
POST_TURN_ALIGN_STEP,1,3,15,,3,0,0,,,0.000,0.559,1,57.111,-30.969,-1.000,-0.020,0.000,3,TURN_R_DEG:90.000,0,15.000,25.000,1.000,8.000,,0,,55.227,839,1,1,3,0.559,57.111,0.17847,-88.765,-88.765,377.111,209.031,204.471,55.114,0.112,MOVING,BACK_CM:1.000,ACK:BACK_CM,0.450,0.000,0.000,5.620,5.620,"TEL:H=0.45,E=0.00,C=0.00,L=5.62,R=5.62,S=121,TS=272,T=0.00,TA=0,TGT=0.00,MR=6.00,MODE=BACK"
POST_TURN_ALIGN_STEP,1,3,16,post_turn_xy_align_fwd_cm,3,1,1,-1.139,-1.139,0.000,0.556,1,56.947,-56.761,-1.000,-0.020,0.000,3,TURN_R_DEG:90.000,0,15.000,25.000,1.000,8.000,,0,,55.295,840,1,1,3,0.556,56.947,0.17796,-88.914,-88.914,376.947,183.239,205.025,55.270,0.025,STOPPED,BACK_CM:1.000,EVT:MOVE_DONE,0.450,0.000,0.000,5.620,5.620,EVT:MOVE_DONE
POST_TURN_ALIGN_STEP,1,3,17,,3,0,0,,,0.000,0.544,1,56.819,-68.977,-1.000,-0.020,0.000,3,TURN_R_DEG:90.000,0,15.000,25.000,1.000,8.000,,0,,55.359,841,1,1,3,0.544,56.819,0.17756,-88.860,-88.860,376.819,171.023,208.781,55.307,0.052,MOVING,FWD_CM:1.000,ACK:FWD_CM,0.450,0.000,0.000,5.620,5.620,ACK:FWD_CM
POST_TURN_ALIGN_STEP,1,3,18,,3,0,0,,,0.000,0.540,1,57.513,-61.771,-1.000,-0.020,0.000,3,TURN_R_DEG:90.000,0,15.000,25.000,1.000,8.000,,0,,55.395,842,1,1,3,0.540,57.513,0.17973,-88.713,-88.713,377.513,178.229,212.970,55.307,0.088,MOVING,FWD_CM:1.000,ACK:FWD_CM,0.450,0.000,0.000,5.620,5.620,ACK:FWD_CM
POST_TURN_ALIGN_STEP,1,3,19,,3,0,0,,,0.000,0.552,1,57.639,-43.672,-1.000,-0.020,0.000,3,TURN_R_DEG:90.000,0,15.000,25.000,1.000,8.000,,0,,55.463,843,1,1,3,0.552,57.639,0.18012,-88.152,-88.152,377.639,196.328,208.873,55.307,0.156,MOVING,FWD_CM:1.000,ACK:FWD_CM,0.450,0.000,0.000,5.620,5.620,ACK:FWD_CM
POST_TURN_ALIGN_STEP,1,3,20,,3,0,0,,,0.000,0.535,1,57.482,-37.729,-1.000,-0.020,0.000,3,TURN_R_DEG:90.000,0,15.000,25.000,1.000,8.000,,0,,55.527,844,1,1,3,0.535,57.482,0.17963,-88.443,-88.443,377.482,202.271,214.760,55.516,0.011,MOVING,FWD_CM:1.000,ACK:FWD_CM,0.400,0.000,0.000,6.000,6.000,"TEL:H=0.40,E=0.00,C=0.00,L=6.00,R=6.00,S=123,TS=272,T=0.00,TA=0,TGT=0.00,MR=6.00,MODE=FWD"
POST_TURN_ALIGN_STEP,1,3,21,,3,0,0,,,0.000,0.532,1,56.903,-2.608,-1.000,-0.020,0.000,3,TURN_R_DEG:90.000,0,15.000,25.000,1.000,8.000,,0,,55.595,845,1,1,3,0.532,56.903,0.17782,-88.325,-88.325,376.903,237.392,213.943,55.516,0.079,MOVING,FWD_CM:1.000,ACK:FWD_CM,0.400,0.000,0.000,6.000,6.000,"TEL:H=0.40,E=0.00,C=0.00,L=6.00,R=6.00,S=123,TS=272,T=0.00,TA=0,TGT=0.00,MR=6.00,MODE=FWD"
POST_TURN_ALIGN_STEP,1,3,22,,3,0,0,,,0.000,0.521,1,56.407,14.872,-1.000,-0.020,0.000,3,TURN_R_DEG:90.000,0,15.000,25.000,1.000,8.000,,0,,55.663,846,1,1,3,0.521,56.407,0.17627,-88.460,-88.460,376.407,254.872,216.494,55.516,0.147,MOVING,FWD_CM:1.000,ACK:FWD_CM,0.400,0.000,0.000,6.000,6.000,"TEL:H=0.40,E=0.00,C=0.00,L=6.00,R=6.00,S=123,TS=272,T=0.00,TA=0,TGT=0.00,MR=6.00,MODE=FWD"
POST_TURN_ALIGN_STEP,1,3,23,post_turn_xy_align_back_cm,3,1,1,-1.119,-1.119,0.000,0.514,1,55.938,50.550,-1.000,-0.020,0.000,3,TURN_R_DEG:90.000,0,15.000,25.000,1.000,8.000,,0,,55.731,847,1,1,3,0.514,55.938,0.17481,-88.258,-88.258,375.938,290.550,217.737,55.671,0.060,STOPPED,FWD_CM:1.000,EVT:MOVE_DONE,0.400,0.000,0.000,6.000,6.000,EVT:MOVE_DONE
POST_TURN_ALIGN_STEP,1,3,24,,3,0,0,,,0.000,0.509,1,55.864,76.791,-1.000,-0.020,0.000,3,TURN_R_DEG:90.000,0,15.000,25.000,1.000,8.000,,0,,55.799,848,1,1,3,0.509,55.864,0.17457,-88.078,-88.078,375.864,316.791,219.292,55.743,0.056,MOVING,BACK_CM:1.000,ACK:BACK_CM,0.400,0.000,0.000,6.000,6.000,ACK:BACK_CM
POST_TURN_ALIGN_STEP,1,3,25,,3,0,0,,,0.000,0.507,1,54.434,104.674,-1.000,-0.020,0.000,3,TURN_R_DEG:90.000,0,15.000,25.000,1.000,8.000,,0,,55.863,849,1,1,3,0.507,54.434,0.17011,-87.979,-87.979,374.434,344.674,214.816,55.743,0.120,MOVING,BACK_CM:1.000,ACK:BACK_CM,0.400,0.000,0.000,6.000,6.000,ACK:BACK_CM
POST_TURN_ALIGN_STEP,1,3,26,,3,0,0,,,0.000,0.528,1,54.773,77.486,-1.000,-0.020,0.000,3,TURN_R_DEG:90.000,0,15.000,25.000,1.000,8.000,,0,,55.931,850,1,1,3,0.528,54.773,0.17117,-88.242,-88.242,374.773,317.486,207.348,55.743,0.188,MOVING,BACK_CM:1.000,ACK:BACK_CM,0.400,0.000,0.000,6.000,6.000,ACK:BACK_CM
POST_TURN_ALIGN_STEP,1,3,27,,3,0,0,,,0.000,0.517,1,54.677,58.796,-1.000,-0.020,0.000,3,TURN_R_DEG:90.000,0,15.000,25.000,1.000,8.000,,0,,55.998,851,1,1,3,0.517,54.677,0.17087,-88.047,-88.047,374.677,298.796,211.490,55.951,0.048,MOVING,BACK_CM:1.000,ACK:BACK_CM,-0.130,0.000,0.000,5.610,5.610,"TEL:H=-0.13,E=0.00,C=0.00,L=5.61,R=5.61,S=122,TS=272,T=0.00,TA=0,TGT=0.00,MR=6.00,MODE=BACK"
POST_TURN_ALIGN_STEP,1,3,28,,3,0,0,,,0.000,0.538,1,55.067,33.502,-1.000,-0.020,0.000,3,TURN_R_DEG:90.000,0,15.000,25.000,1.000,8.000,,0,,56.066,852,1,1,3,0.538,55.067,0.17208,-88.121,-88.121,375.067,273.502,204.891,55.951,0.116,MOVING,BACK_CM:1.000,ACK:BACK_CM,-0.130,0.000,0.000,5.610,5.610,"TEL:H=-0.13,E=0.00,C=0.00,L=5.61,R=5.61,S=122,TS=272,T=0.00,TA=0,TGT=0.00,MR=6.00,MODE=BACK"
POST_TURN_ALIGN_STEP,1,3,29,post_turn_xy_align_fwd_cm,3,1,1,-1.106,-1.106,0.000,0.530,1,55.300,5.305,-1.000,-0.020,0.000,3,TURN_R_DEG:90.000,0,15.000,25.000,1.000,8.000,,0,,56.134,853,1,1,3,0.530,55.300,0.17281,-88.101,-88.101,375.300,245.305,208.488,56.110,0.024,STOPPED,BACK_CM:1.000,EVT:MOVE_DONE,-0.130,0.000,0.000,5.610,5.610,EVT:MOVE_DONE
POST_TURN_ALIGN_STEP,1,3,30,,3,0,0,,,0.000,0.521,1,55.721,2.201,-1.000,-0.020,0.000,3,TURN_R_DEG:90.000,0,15.000,25.000,1.000,8.000,,0,,56.198,854,1,1,3,0.521,55.721,0.17413,-87.910,-87.910,375.721,242.201,213.905,56.145,0.053,MOVING,FWD_CM:1.000,ACK:FWD_CM,-0.130,0.000,0.000,5.610,5.610,ACK:FWD_CM
POST_TURN_ALIGN_STEP,1,3,31,,3,0,0,,,0.000,0.529,1,55.766,13.911,-1.000,-0.020,0.000,3,TURN_R_DEG:90.000,0,15.000,25.000,1.000,8.000,,0,,56.266,855,1,1,3,0.529,55.766,0.17427,-87.669,-87.669,375.766,253.911,210.740,56.145,0.121,MOVING,FWD_CM:1.000,ACK:FWD_CM,-0.130,0.000,0.000,5.610,5.610,ACK:FWD_CM
POST_TURN_ALIGN_STEP,1,3,32,,3,0,0,,,0.000,0.515,1,55.733,18.373,-1.000,-0.020,0.000,3,TURN_R_DEG:90.000,0,15.000,25.000,1.000,8.000,,0,,56.334,856,1,1,3,0.515,55.733,0.17416,-87.820,-87.820,375.733,258.373,216.469,56.145,0.189,MOVING,FWD_CM:1.000,ACK:FWD_CM,-0.130,0.000,0.000,5.610,5.610,ACK:FWD_CM
POST_TURN_ALIGN_STEP,1,3,33,,3,0,0,,,0.000,0.508,1,55.028,53.052,-1.000,-0.020,0.000,3,TURN_R_DEG:90.000,0,15.000,25.000,1.000,8.000,,0,,56.402,857,1,1,3,0.508,55.028,0.17196,-87.724,-87.724,375.028,293.052,216.543,56.354,0.048,MOVING,FWD_CM:1.000,ACK:FWD_CM,0.280,0.000,0.000,5.620,5.620,"TEL:H=0.28,E=0.00,C=0.00,L=5.62,R=5.62,S=121,TS=272,T=0.00,TA=0,TGT=0.00,MR=6.00,MODE=FWD"
POST_TURN_ALIGN_STEP,1,3,34,,3,0,0,,,0.000,0.504,1,54.984,69.120,-1.000,-0.020,0.000,3,TURN_R_DEG:90.000,0,15.000,25.000,1.000,8.000,,0,,56.466,858,1,1,3,0.504,54.984,0.17183,-87.789,-87.789,374.984,309.120,218.104,56.354,0.112,MOVING,FWD_CM:1.000,ACK:FWD_CM,0.280,0.000,0.000,5.620,5.620,"TEL:H=0.28,E=0.00,C=0.00,L=5.62,R=5.62,S=121,TS=272,T=0.00,TA=0,TGT=0.00,MR=6.00,MODE=FWD"
ERROR,0,3,35,post_turn_align_timeout_stop,3,0,0,,,0.000,0.497,1,54.676,104.312,-1.000,-0.020,0.000,,,0,15.000,25.000,1.000,8.000,,0,,56.534,859,1,1,3,0.497,54.676,0.17086,-87.796,-87.796,374.676,344.312,219.930,56.512,0.022,STOPPED,FWD_CM:1.000,EVT:MOVE_DONE,0.280,0.000,0.000,5.620,5.620,EVT:MOVE_DONE
ERROR,0,,0,manual_quit_stop,3,0,0,,,0.000,,0,,,-1.000,-0.020,0.000,,,0,15.000,25.000,1.000,8.000,,0,,77.080,1171,0,0,,,,,,,,,,56.543,20.537,STOPPED,STOP,ACK:STOP,0.280,0.000,0.000,5.620,5.620,ACK:STOP
